5,@azharflicks
1048,@SunRisers
2572,@IPL
16,@MSAalamOfficial
38,@MarathiRT
38,@MarathiBrain
38,@HashTagMarathi
40,@Mazi_Marathi
12,@eBay
1,@BarThingz
379,@sachin_rt
1,@rssurjewala
15,@BJP4India
545,@BCCI
14,@BCCIdomestic
22,@JayShah
71,@GautamGambhir
3136,@ChennaiIPL
555,@cheteshwar1
381,@stevesmith49
2,@CrownePlazaChn
1,@startv
1,@Bhavna_B
1,@VinothK45716475
1237,@KKRiders
2224,@mipaltan
68,@SriniMaama16
443,@iamsrk
415,@msdhoni
5,@chennaiipl
2,@starsportsindia
1,@bhavnabalakrishnan
1,@cskfanofficial
1631,@Gmaxi_32
214,@cricketaakash
402,@bhogleharsha
1100,@DelhiCapitals
3584,@RCBTweets
25,@cricketcomau
9,@icc
4,@robbieuthappa
7,@arjuntindulkar
12,@abhisheknayar1
378,@Sah75official
112,@CSKFansOfficial
3,@OOIDA
2,@Land_Line_Now
3,@KerryES
197,@ESPNcricinfo
3,@Martyguptill
44,@AaronFinch5
76,@JasonRoy20
51,@AlexHales1
1,@mornemorkel65
1237,@rajasthanroyals
1418,@PunjabKingsIPL
1,@Textio
367,@Vivo_India
14,@Dream11
35,@SGanguly99
38,@IndinewsO
1,@pinkyk1980
2,@Jay_parmar17
1,@blessedkamal
1,@yashgandhi66
2,@chilled_Sup
1,@fotokiran
1,@shineysimar
1,@sengodan4
1,@Indiasreaction1
1,@Magics_In_Me
1,@Vikram_143226
1,@MdTousi54071392
187,@cricbuzz
183,@ImRo45
1,@sachintendulkar
1,@AmbaniTina
515,@imVkohli
2,@SachinT62115737
1,@TUSHARKHARE14
57,@Hanumavihari
10,@IPLAuctionLive
15,@mykhelcom
11,@devdpd07
355,@ABdeVilliers17
1,@shamsi90
15,@gurkiratsgill
74,@karun126
11,@ajinkyarahane88
70,@WasimJaffer14
404,@Tipo_Morris
19,@IPLFantasy
55,@MichaelVaughan
42,@KP24
39,@IrfanPathan
16,@cricketwallah
152,@vikrantgupta73
15,@ShreyasIyer15
8,@Eoin16
52,@klrahul11
1,@_unique_sha_
1,@00Tuhin0
1,@_13Freedom
1,@SAAdil99
1,@Ummati_Muslimah
1,@SAH_sarinn5
1,@Its_Baby_Doll1
85,@gowthamyadav88
70,@ImRaina
1,@jyotiyadaav
1,@DeepakSTakola
1,@pradeep_ece
1,@sarabjeetsj
1,@coomarashish
1,@Krishna18784427
1,@BabluDevanda2
1,@awasthis
30,@yuzi_chahal
1,@speak_nilesh
1,@deccanherald
38,@danchristian54
34,@iam_juhi
9,@imjadeja
211,@ChloeAmandaB
1,@Shakeel21998462
1,@20L
47,@rashidkhan_19
1,@18
629,@harbhajan_singh
2,@ThakurAudhesh
3,@ThatCricketHead
1,@bhargavreddyX
1,@kannandelhi
19,@DHONIism
35,@hardikpandya7
1,@ni
147,@dmalan29
4,@Faffort1
9,@its__ammar
26,@LoksattaLive
1,@BlackCaps
18,@Mitch_Savage
8,@100MasterBlastr
2,@paro_sachinist
1,@sgpatil10
1,@KR_Prabin_
4,@Shebas_10dulkar
1,@Amit_srt
3,@ItsYashswiniR
7,@mohanstatsman
29,@BoriaMajumdar
2,@TheLallantop
73,@JimmyNeesh
3,@gmaxi_32
1,@dragonduclos
29,@sachinbabyy
111,@gauravkapur
42,@ImZaheer
34,@actorvijay
1,@UdayBharatTimes
2,@KirenRijiju
1,@naveenjindalbjp
1,@kheloindia
37,@Sandeep25
18,@pumacricket
17,@one8world
98,@sambillings
1,@SamCurranFC
4,@IMDb
1,@rejectedjokes
1,@alydenisof
1,@Lena_Khan
1,@TwoPaddocks
1,@amazonmusic
23,@MohammadKaif
13,@IPLselfie
1,@jasonroy
1,@PORNab__
1,@Benant
1,@RumanaNazarali
1,@Vaishalijais24
22,@TrendsDhoni
1,@45RohiRat18Fan
1,@royalmusicfact
1,@Vaaniofficial
1,@LCAgora
1,@IYC_UPEast
1,@kbalakumar
3,@bhansali_produc
3,@jhataleka
3,@taranveer06
3,@TSeries
1,@Benny_Dayal
1,@SonuKakkar
2,@TonyKakkar
1,@adityadevmusic
1,@ipo_mantra
1,@themukulagrawal
1,@AnilSinghvi_
1,@sahneydeepak
2,@anuragkashyap72
1,@ektarkapoor
1,@RuchikaaKapoor
1,@SunirKheterpal
1,@bosegaurav
1,@AthenaEnm
2,@taapsee
1,@_CultMovies
1,@Adityaj_np
1,@KritikaGhimir17
1,@Annand007
1,@Mr_NKrajan
1,@DrSudipKumarYa1
93,@y_umesh
322,@realpreityzinta
8,@AnilMsdhoni
2,@ap7am
56,@AdamMilne19
1,@CharakYudhvir
5,@ArjunTen
1,@macroJansen
1,@Nathancoulternile
1,@pituahchawla
3,@DealzDifferent
58,@YouTube
5,@YounickBoys
5,@Aniee14_1997
8,@NorthStandGang
5,@mumbaiindian_fc
1,@MIFansClubTN
15,@ArjunTendulkarF
2,@OmgSachin
2,@CricTendulkar
1,@tomcurran
2,@mumbaiindians
11,@karanjohar
155,@JadhavKedar
112,@Mujeeb_R88
8,@GabbbarSingh
47,@ShelJackson27
1,@sean
3,@republic
140,@CoachHesson
1,@varungrover
5,@sportskeedacricket
1,@rohit_sharma_fc
32,@CSKFansArmy
1,@Godvizos
36,@KanganaTeam
11,@bhaleraosarang
108,@CricCrazyJohns
108,@ashwinravi99
39,@anilkumble1074
18,@News18MP
18,@News18CG
7,@tv9gujarati
37,@MohitKo84691450
37,@Harshva62535731
22,@RaviBhai2705
21,@Cric_stats3
21,@CricLakshya07
9,@im_manishpandey
12,@TC59
2,@MumbaiCricAssoc
3,@nassercricket
1,@Athersmike
2,@GaneshGaitondeG
1,@Himansh73720709
19,@sreesanth36
30,@MahelaJay
313,@StarSportsIndia
1,@beladiya_jemish
1,@patelvishal248
2,@DixitRahul09
1,@sajagimmortal
3,@CurranSM
1,@Mr_Bai007
20,@hitman_fan_abhi
14,@rameshlaus
5,@Jagadeesan_200
1,@EUROonline_News
7,@sri50
58,@mufaddal_vohra
35,@CskIPLTeam
15,@INCIndia
1,@iAmPrabash
1,@adityakumar480
114,@joybhattacharj
22,@MohammadNabi007
1,@DanChristian54
3,@melindafarrell
1,@ZAbbasOfficial
4,@isaguha
1,@ImVK__
1,@Priya_srt10
1,@jellyfishtree
15,@folloNXT
1,@BrooklynNets
1,@NBAonTNT
1,@WFAN660
61,@VVSLaxman281
3,@RayuduAmbati
1,@ianuragthakur
16,@PMOIndia
3,@HMOIndia
16,@AmitShah
2,@JPNadda
4,@myogiadityanath
39,@narendramodi
4,@FinMinIndia
1,@gautam_adani
4,@nsitharaman
1,@ChairmanIOCL
1,@IndianOilcl
32,@jatinsapru
1,@rajasthanroyal
8,@toisports
2,@ManishS34685635
3,@ekambaram_10
2,@utdmro
2,@utmro
1,@la_lesaffaires
2,@CutestFunniest
1,@Dts_Charan18
1,@PriyankaTanu08
153,@ICC
34,@StarSportsTamil
1,@absoluteradio
1,@benburrell
11,@ABPNews
1,@uttamjp
1,@arunbudhathoki
1,@GP_Samarpan98
1,@CricketNep
1,@ImRo45_Sachin
7,@tomcurrans
20,@s_badrinath
2,@hemangkbadani
1,@RK_sports
10,@JUnadkat
1,@The_Hitwicket
21,@marnus3cricket
4,@Vetri_Maaran007
1,@PK_Freak45
1,@flemming
2,@RDK_7_27
1,@50
6,@Brad_Hogg
1,@sanjeev4508
1,@STRTamil5
12,@Cricketracker
1,@Krishna60433981
3,@Cricket3Fanatic
7,@adityaB1996
2,@redmirchy
26,@Bazmccullum
1,@Moodini71
1,@sunri
1,@Gautam1595
13,@BBL
2,@FanaticsOfMI
1,@AdnanSamiLive
1,@IAmJericho
12,@TNCACricket
1,@prajay_naik
1,@shahrukhkhan
1,@AtitSheth
1,@Vinay045shetty
10,@RCB
1,@cric_archivist
4,@imqaisahmadd
1,@krishthorve
26,@daniel86cricket
25,@SportNext1
18,@ipl
9,@stumpnbails
1,@MickJagger
2,@TheShilpaShetty
27,@OfficialCSA
41,@Mustafiz90
30,@ShaneWarne
2,@dizzy259
1,@MaleehaHashmey
1,@fawadchaudhry
2,@laxman_xy
9,@krunalpandya24
5,@jhyerichardson
31,@IamShivamDube
11,@DennisCricket_
1,@jayeshkhilnani
14,@sumanthraman
19,@Jaspritbumrah93
5,@trent_boult
64,@MontyPanesar
53,@MontyChannel
30,@YUVSTRONG12
27,@RishabhPant17
1,@CryptoActu
1,@BlackRock_News
3,@punjabkingsipl
3,@HansrajMeena
2,@netindian
6,@kkr
42,@DisneyPlusHS
1,@Unlistedstocktrader
3,@BhaavnaArora
41,@MoeenaliAli
26,@MSDhoni
3,@iramizraja
1,@hirendjagad
22,@sagarcasm
7,@NewsbytesHindi
1,@Logical81322674
7,@TOISportsNews
18,@benstokes38
1,@AbhijithRaju15
1,@SuryaRCB1
1,@kingkohli__fan
1,@Apoorvisbrown
1,@abdul_06__
1,@Pascalratinaud
1,@PierreVenteau
1,@dep_cubertafon
2,@sakib75_fc
18,@ECB_cricket
15,@BLACKCAPS
36,@RickyPonting
1,@follonxt
2,@akshai_indian
1,@Stevesmith
1,@Delhicapitals
1,@zeeshanali457
14,@Movies4u_Officl
1,@bhanujandu2001
1,@iambeing_ms
1,@Choudhary0041
1,@Vijaysi38467785
1,@LAXMINA72374308
1,@GangaRa04839828
1,@PanditViru3
1,@GOVINDPATEL2152
1,@sportingnewsau
11,@rcb
11,@ITCGrandChola
1,@mumbaiImdian45
3,@mitelugufc
12,@rcbfanarmy
1,@FCfrenchPZ
1,@PreityZintaPeru
1,@preityzinta_fc
1,@GermanPreity_FC
1,@pzfc
1,@preityzinta
43,@englandcricket
4,@ishankishan51
6,@KieronPollard55
6,@surya_14kumar
2,@AuCOFFREcom
1,@Veracash_FR
3,@deepak_chahar9
4,@NgidiLungi
110,@virendersehwag
1,@VishalY44691113
2,@Stumpsnbails
4,@AkhilAkkineni8
4,@mrlanuk
9,@fitsportsindia
9,@shoaib100mph
7,@vikassharma1122
2,@am_ur_Dopamine
3,@ssarthaktweets
6,@mushfiqur15
1,@hussey_3
1,@louisbestmilf
123,@lionsdenkxip
1,@Bisla36
3,@Vimalwa
1,@HashtaguIn
4,@DeepDasgupta7
1,@Clubhouse
1,@cskFC
1,@WhistlePoduTeam
5,@newstracklive
17,@thePSLt20
6,@KarachiKingsARY
9,@TeamQuetta
7,@babarazam258
5,@SarfarazA_54
3,@anandstdas
2,@sportstoryguy
1,@CricketKeeda01
6,@indiashor
4,@QuinnyDeKock69
11,@Gampa_cricket
12,@karhacter
1,@IdeabrewStudios
1,@aparanjape
1,@summationxblogs
1,@the_sportsnexus
27,@SPFleming7
4,@nicholas_47
2,@MatthewWade13
4,@rcbvk06
11,@IPL2021_1
29,@faf1307
2,@TBanton18
1,@SoniaKaurBindr1
1,@SajidSilawat1
1,@aanchalsweet92
1,@7thNovember
1,@PinkyDholakia
14,@KamalOfcl
4,@MumbaiIndiansTN
1,@Ruchikajain89
1,@GauravP26479152
1,@Raghavendra0703
1,@Sweetynsalt
1,@Soni20k
2,@buttter__cup
4,@kusumsolanki17
2,@Barbiegiri_
2,@SanjayC83102740
2,@ChinmayK15
3,@manikumar4144
1,@AtulTankha5
1,@RajnikantGParm2
1,@vikas10462688
1,@vikneshmadurai
4,@CheboluVasantha
4,@kmcheb12
2,@prvzptl
1,@amey
1,@mahesh4231
1,@rashmika_singhh
1,@Dep301
1,@cool_bindra
1,@prashpatel_
1,@aryansh_dubey
2,@ParulBatra17
2,@Tanish25460207
2,@NarangBimla
2,@Anshika9121
1,@Reuters
1,@CGDev
3,@MAWood33
1,@EdHarrisMusic
1,@WADeptHealth
1,@JayInslee
1,@KPMemberService
1,@BetoORourke
1,@NicolleDWallace
1,@RobinAdermann
1,@ManuRedGlasses
1,@Bloch_R
1,@JSSellem
1,@thebankspost
1,@RoseCityWriting
2,@DcToli
2,@imArun001
2,@TRUTHSE6
4,@CricBloggers
4,@TaylorAndMartin
1,@JanGold_
15,@cric11forecast
9,@kyle_mayers
11,@IamSanjuSamson
2,@ImMananVohra
2,@moviesnowtv
1,@RiegoAnil
1,@prabhat_crypto
1,@Valeurs
1,@mtgreenee
1,@freehitfantasy
2,@GMaxi_32
1,@Fred_Meyer
1,@Kroger
20,@Twitter
1,@Nitinkhatnani2
4,@DhoniArmyTN
3,@MSDKingdom
1,@BTS_twt
48,@VenkyMysore
2,@Mahima_Khandal
1,@Nehathegreat1
4,@KpParmar98
1,@vinaykalra3
1,@sunitakatyal
1,@khemka_nidhi
1,@abha_mishra19
1,@HetalWadhan
2,@godsowntalk
3,@coolkishore59
3,@Dayal_5
3,@gurgaon_rangers
1,@ramprasad43
3,@Mr_YashG
1,@saching33833053
3,@SrinathAkula369
1,@Goutamojha12
1,@itikanaik10
1,@iSuvo_Live
1,@ErJojo3
11,@cristorian_45
2,@aakash_beast786
2,@p_sinha123
2,@sanjudhy
2,@Man1shRox
2,@khushboo_khetan
2,@SaddamMolla0071
2,@Rutik_079
2,@Fahim6t
1,@TeluguMSDians
1,@OR_Academy
1,@rehanak55
1,@babubeg1
1,@Kleeesq
1,@Lacuna41000
1,@cspanwj
4,@Ruutu1331
1,@MalingaLasith
1,@dpradhanbjp
1,@IPl
1,@IPLSelfie
1,@BBCiPlayer
1,@IPLT20Tweets
7,@imShard
3,@sawerapasha
7,@iRashidLatif68
3,@DrNaumanNiaz
2,@waheedkhan
1,@mirzaiqbal80
4,@MazherArshad
1,@TheORSociety
1,@STEMAmbassadors
1,@MCSTEMHub
1,@BF_BTPTransport
1,@Tradosaure
16,@Mozzie21
5,@Windows
3,@asandsstore
1,@kxipofficial
7,@ImSanjayBangar
1,@siamrath_online
5,@SkyCricket
2,@CricketDailyIN
11,@aajtak
3,@Spreaker
2,@DynamiteNews_
2,@abhinav_k316
2,@thefallingsweep
1,@yasirrizvi
3,@UnmuktChand9
4,@DisneyplusHSVIP
2,@hotstar_helps
1,@Northwest
1,@NRESD
1,@rajeshtope11
1,@MantralayaRoom
1,@COVIDNewsByMIB
1,@corona
2,@IndiaToday
1,@favsharries
1,@brummmmmmmmmmmm
2,@BhavyaDhoni
4,@ReallySwara
1,@aditya8503
1,@Abhinav52903866
4,@iamnarendranath
2,@juniorbachchan
1,@LIGHTSH4Y
1,@rjwbap
1,@NA0YACAT
1,@PortalTracklist
1,@ShwetaaPandit
1,@scaryluve
1,@mutualsnuevos
2,@JacyKhan
1,@Mithul45257458
6,@filmfare
1,@trivikramIn
1,@GaniNirvana
2,@moronhumor
2,@ambani
3,@HariniRana
1,@Abhiram85118167
1,@Oshinagarwal2
1,@bornon2303
2,@RomanRe74306061
3,@iashu10
1,@AYCOMEDIAN
1,@Bhavika1012
1,@HomeOfCricket
12,@srivatsayb
6,@RiaRevealed
2,@_sabanaqvi
1,@thecaravanindia
2,@MumbaiindianIPL
9,@bcci
2,@TheRoaringKitty
1,@WSB_memes
1,@reddit
1,@daveportnoy11
1,@RahulJalotra
8,@gaurikhan
1,@jamescharles
7,@rihanna
1,@selenagomez
1,@ArianaGrande
3,@justinbieber
2,@KimKardashian
1,@AMBANI
1,@Lady_nishaaa
1,@Mr_CroCroach
1,@patil8982
1,@helaffluv
141,@BeingSalmanKhan
1,@bhaikichai
1,@HydFCOfficial
1,@Twitch
1,@Terraria
1,@Pappsa11
5,@RahulSh85136312
1,@gabbar911
1,@shivamkhare_
1,@Number10Barber
1,@gschahal
1,@bitchharii
10,@Nher_who
29,@TomMoodyCricket
4,@SunRisersC
1,@maninderfirst
1,@ActressSurekha
1,@SurekhaVaniOffl
1,@SurekhavaniOff
1,@surekhavani7
1,@Surekha_Artist
1,@SachinKalbag
5,@RanvirShorey
1,@Cartoonistajay
2,@iamsrk_brk1
2,@Akshays_Storm
5,@ImranKhanPTI
1,@WadhwaMoksha
1,@NehaJain_26
1,@Tejusurya_
1,@realmemobiles
2,@sanket
3,@rajinikanth
1,@RajinkanthFC
4,@CMOTamilNadu
4,@indiatvnews
2,@Republic_Bharat
1,@pantlp
3,@1stIndiaNews
1,@VasundharaBJP
1,@RajPoliceHelp
1,@rpbreakingnews
2,@DainikBhaskar
1,@Igp_Jodhpur
1,@PoliceRajasthan
1,@RajGovOfficial
1,@ashokgehlot51
1,@The_Mooknayak
1,@TheShudra
1,@thecaravanhindi
4,@snatani_girl
2,@viraj_sheth
1,@MahaSRK1
1,@itsallryt
1,@Suhanakhan00
3,@RandomCricketP1
20,@deepikapadukone
1,@Cow__Momma
2,@LBW31306785
1,@dwivedi_kaustuv
1,@Haraprasad_
1,@chepauk
1,@MahuaMoitra
2,@Budania_INC
1,@NavdeepINC
5,@_garrywalia
1,@GauravPandhi
2,@srinivasiyc
1,@rohanrgupta
1,@nsui
1,@AkshaySharmaOrg
6,@Kisanektamorcha
1,@Congrress
5,@ravishndtv
1,@All4Congress
8,@Satirical_Dhruv
1,@optimusprime689
1,@SDey83
11,@PTI_News
1,@ved_a
3,@TheTechOutlook
1,@sharadsharma1
1,@sdsbhardwaj
8,@RealShubmanGill
1,@Gabbar0099
1,@pradip103
11,@ndtv
1,@Suryasaharan
6,@RajatSharmaLive
1,@ShashiTharoor
1,@TOncologist
6,@timesofindia
1,@sagarikaghose
1,@HouseOfFakts
5,@ksunsui
13,@deeputalks
1,@SachinPilot
1,@FilmyMike
1,@thevirdas
4,@dhruv_rathee
1,@ndtvindia
1,@pratidintime
2,@free_thinker
1,@shashank_1411
32,@davidwarner31
62,@SRKUniverse
6,@ShahrukhKhan_FC
2,@Sarcast54707162
1,@FCSJigarShah
2,@asr8278
23,@ANI
1,@BinoyBas
1,@RakshitaMisra
1,@DevprakasMeena
2,@YashMeghwal
1,@Rofl_Diiljit
1,@PremPra16111410
1,@manjit2007
3,@arjuntendulkar
1,@vishnusolanki
1,@sambitswaraj
1,@dishapatani
1,@Dev_Fadnavis
2,@fadnavis_amruta
1,@mahasreerajhan
1,@SrieeTrendy
2,@shahzadqrsha
5,@RohitianShubham
2,@BhagalSanju
1,@GavankarDattu
1,@goatman2605
2,@Pun_Starr
1,@Punit_Pania
2,@TheDeshBhakt
1,@zoo_bear
1,@Memeghnad
1,@SaketGokhale
9,@RoflGandhi_
1,@i_the_indian_
1,@kapsology
5,@prabhu_sr
1,@sreenathcheru
4,@rohangava9
1,@ranjank63
1,@senuduggal
4,@news24tvchannel
1,@DrashtantD
1,@LalitKModi
2,@Sachinist
1,@MIPaltan
1,@Govindhan916
1,@Humorousbeeing
1,@samirsamir
1,@weareMediaHive
1,@adilray
1,@ShobnaGulati
1,@MeeraSyal
1,@TVSanjeev
1,@SSZeeMedia
1,@ElleDeer88
1,@gurdip_saroya
1,@mukund
3,@Policenama1
42,@SonuSood
17,@sanjaymanjrekar
6,@sardesairajdeep
1,@TheRahulMehra
2,@Ram_Guha
2,@Kaviya_Maran
2,@ranvijaylive
4,@ajaydevgn
5,@itsKajolD
4,@betway
1,@tavleen_singh
3,@RanaAyyub
1,@Bipin_Hindu
1,@PragnaTweets
1,@Suhelseth
1,@ShekharGupta
1,@mynameswatik
15,@akshaykumar
2,@FirstpostSports
25,@JofraArcher
1,@RAHULRNAIK12
2,@SagarNanipspk
4,@circleofcricket
1,@DanielMalani
2,@MumbaiMirror
1,@imagetodayin
1,@Shubham09273730
1,@kanak_news
1,@drushayadav
1,@markchapman
1,@michaelvaughan
2,@CrickeTendulkar
1,@rawadidev
1,@VenkataRaj16
1,@TheDeverakonda
1,@menongautham
1,@AshmitTripathi2
2,@1703Redhook
2,@ElvishYadav
2,@MamataOfficial
3,@chetan4_U
1,@Mayarawat1984
1,@KathetKusum
2,@rajeevbisht
2,@pahadi_musafir
2,@pokhriyal_anita
1,@pahadinaari
2,@BhaaratVarshh
1,@NaveenNautiyal_
2,@priscicktgirl
1,@TV9Bharatvarsh
2,@alok_ajay
2,@KKRidersFanClub
3,@TheQuint
1,@yadavtejashwi
1,@SRiitu
1,@ManishK31664563
1,@Anujgupta8271
2,@HarryBisht07
1,@HiraSinghNegi10
5,@iamSRK
5,@SDhawan25
1,@bharatgupt
1,@Sanjay_Dixit
13,@FarziCricketer
1,@Bhanupratap2223
1,@gvvjagadeesh5
1,@Being_Humor
1,@VishnuViv1
1,@anudeepu_5665
1,@stards
1,@RmmMadurai
1,@madmax_tweetz
1,@otvkhabar
1,@TheFurkanBhat
3,@Wriddhipops
2,@NotNossy
2,@IamAbhiSharma4
2,@priyamg03149099
2,@Jaseholder98
1,@ABDULSAMAD___1
7,@BhuviOfficial
31,@Natarajan_91
1,@imK_Ahmed13
1,@ippusultan
8,@kaustats
2,@sportstigerapp
1,@GretaThunberg
2,@meenaharris
2,@RakeshTikaitBKU
1,@LicypriyaK
30,@rawatrahul9
20,@manoj_dimri
1,@RajeevMatta
4,@IPL14_
2,@RdRdrubiholic
3,@iHrithik
3,@dhanicares
3,@ndtvfeed
3,@APBusiness
3,@RBI
1,@Cibercell
1,@ConsumerRepor
2,@Sameer
1,@ftblKaran
2,@meme_ki_diwani
1,@arjuntendukar
2,@theskindoctor13
1,@jaineil
6,@ACBofficials
7,@TeluguCertified
16,@henrygayle
1,@balaji12dcc
1,@mj_aIways
1,@Impeccable4Life
1,@VipulSehgal312
6,@beastieboy07
20,@RahulGandhi
1,@aditya10on9
1,@ShivamS62896861
1,@Suraj36491943
2,@chelseafc2021
1,@nitamabni
1,@vikrness
2,@ShuklaRajiv
4,@bbctms
21,@ICHOfficial
1,@Zakirism
1,@84Menon
1,@Bharath_SRH3
1,@T20Mumbai
2,@MumbaiIndianfan
3,@Trendswoodcom
1,@renukaVyavahare
1,@debjani1801
1,@ranjeetdhandwar
1,@BawaRanjit
1,@harbhajanmann
1,@jazzyb
1,@BANDIMANOJ4
1,@HydTimes
1,@THHyderabad
2,@AA_FAN_
1,@alygoni_Fandom
35,@MusicThaman
1,@VVeerachari
1,@_Yashfeen_10
1,@mayankdagarr
2,@sidhi_baat01
1,@ashchanchlani
2,@sunrisers
1,@phoenixfm
1,@VikramEns
6,@ayushmannk
2,@anubhavsinha
7,@VancityReynolds
1,@Peeyush_Mishra_
1,@I_Rahul_Pandey_
2,@flyspicejet
3,@digihrservices
2,@brucewayne__1
1,@AlwaysSivaram
1,@meera_fan
3,@ramansundar
3,@Devang17
1,@EverHindu
4,@WisdenIndia
1,@jiyhobiharklala
3,@ZeeNews
1,@SarthakRajput02
1,@PRITYZINTA
1,@Amit_tweetx
4,@nilkalu86
3,@ShlokaSaswati
1,@imravee
3,@KagisoRabada25
1,@Sachin_rt
9,@mohsinaliisb
8,@razi_haider
1,@PammyWani
1,@pocharanee
1,@jantaserishta
3,@CSK
1,@grrrvita
1,@04sathwik_red21
1,@akashv_1000
1,@Karthic75597343
1,@afsanaahmed
3,@ItzThanesh
2,@RoyHaryaksha
1,@Fansofsrknagpur
1,@FilmyYash
1,@Maishaan
1,@SRKfcamravati
7,@SRKCHENNAIFC
2,@TheRealPCBMedia
1,@hershybru
2,@Boiesji
1,@Barahism
1,@JaisiAapkiMasti
1,@glenndominic159
1,@RealImranKhan01
3,@R3Mitul
8,@enavabharat
5,@KasiUncleCsk
1,@acist
16,@jhyericho
1,@ajithFC
2,@ThalaAjith_FC
1,@tn_ajith
1,@MASSAJITH
1,@ThalaFansClub
1,@VAT_Mass
1,@AjithKumarArmy
3,@indiantweeter
1,@Sunrisers_FC_
33,@DineshKarthik
8,@MumbaiInd
2,@rajlabana9
3,@KXIPSaddaFC
1,@Shahrcasm
1,@PunjabKings
1,@uJgZInrwF7AlLpv
1,@neon_tenzi
1,@Raja_Master01
1,@Kaushik1695S
22,@SaakshiSRawat
5,@BoneyKapoor
1,@joesrk5
2,@K3K__Cube
1,@gaurav2arjun
5,@ShaneRWatson33
3,@govindaahuja21
3,@GauravKapur
2,@JoyBhattacharj
1,@BeingVJMaster
1,@SalluCommunity
3,@mr_mayank
1,@IndianCricNews
2,@IndianCricketTm
1,@eTiMoSi
1,@Anand_Bharat1st
1,@KshitijKapoor11
2,@CrickHQ
1,@Poulami__Nandi
9,@SrBachchan
1,@shehuary
5,@cricanandha
2,@fc_msdhoni
1,@Nickypandey18
1,@Sazan_Sidheart
3,@srinivas60222
2,@CSK_Zealots
33,@prasannalara
7,@ImranTahirSA
1,@Railway_Poorna
3,@MStoinis
1,@jillu_ice
7,@internetumpire
2,@TheNameIsYash03
2,@jayaprakash_JSP
1,@Agrico_18
4,@kkriders
1,@thebuzzdiary
1,@captainshanky
1,@RajaSG
1,@funopathy
1,@5liveSport
2,@ChaiPeCharcha__
1,@contrarianEPS
2,@News
2,@CrickeyRicky
1,@vikramchandra
3,@delhicapitals
1,@_Gokul_420_
20,@RedChilliesEnt
1,@RifatJawaid
1,@SaiShyamManohar
1,@Itsmeshamsheer
1,@GulfNewsSport
3,@GBGulf1
1,@karishmasingh22
1,@pavan1230
1,@Ravii9999
1,@AlwysVenuCharan
7,@bssportsoffl
7,@businessline
34,@root66
44,@urstrulyMahesh
1,@DimensionNdi
2,@NIL_lionaire
1,@Subashkhadka_
2,@virat
1,@JayaSr1kar
1,@revanthbandari7
1,@itsprecioussid
1,@delhicaptials
1,@FarOutAkhtar
1,@RakeyshOmMehra
1,@itsSSR
1,@neerajpofficial
7,@srinathb
1,@VenkatSai_Dhfm
1,@SRKUniverseCA
4,@Srk_bangalore
1,@DharmaMovies
2,@TSPrathik
1,@ViratHardik
1,@thebharatarmy
1,@7781_mahi
3,@RJ_Balaji
1,@afneil
7,@msdfansofficial
1,@AkshayKumarARG
1,@AKFansGroup
4,@ViratGang
1,@HeyVihaan
1,@weshnoo
1,@iamhrishit
1,@ShahinurSrkian
2,@isksrk
1,@Awes_bulous
1,@iamvk171
1,@TheFarmanAli
1,@HarshSr78669451
1,@srkfanShah
2,@Nitinshukla4
1,@ria_xoxo3
1,@naushadsrkian07
1,@FatimahSaNa8
1,@AyaPiko93
1,@FirozSRKsFan
7,@SrkkiJaan2
9,@Imvksakshi
7,@DoctorAjayita
9,@disha11parmar
7,@TeamSRKWarriors
7,@IamSaifSRK1
7,@iamrihal555
7,@me_as_a_royal
7,@iamBaikunthaSRK
7,@_Prince_Rohit
7,@DebSoumili
7,@SrkianDas04
4,@Iamfa
1,@Iamtikendraa
1,@imelsryptri09
1,@Amankaif14
1,@JaiRamJaiHanum1
1,@IconicViratian
6,@ikamalhaasan
1,@TidningenGlobal
1,@latimes
1,@stefanrichter
1,@AdianRitesh
1,@PARMODSain4
2,@PriyankaCRaina
1,@MIFansArmy
9,@LoyalSachinFan
2,@Sachin_Ro45
1,@MIFCKARNATAKA
2,@MI_FansArmy
19,@yrf
1,@Gnanpspk
16,@AnushkaSharma
1,@HenryNicholls27
2,@AagKaDevta
1,@MsKajalAggarwal
7,@Siva_Kartikeyan
2,@jassiegill
1,@cricket_odisha
12,@TheJohnAbraham
1,@aanandlrai
1,@aliaa08
3,@AnupamPKher
1,@BusinessLiveSA
1,@AnandaVikatan
1,@RussianSRKFans
1,@ShahRukhKhan00
1,@DeepikaPFC
1,@MayMark65
1,@deepikaloveonly
1,@devil__420
3,@itz_ArunDhoni
1,@SameerAnjaan
1,@dreamgirlhema
1,@Chotu962
10,@CricketAus
4,@josbuttler
1,@indigopaints
3,@GCAMotera
1,@CHENNAIiplFans
1,@_sayema
3,@shahidkapoor
4,@gradecricketer
2,@CricketNSWBlues
4,@Anki4uever
1,@realhimanshi
1,@BJP4TamilNadu
1,@HRajaBJP
1,@104off64
1,@shuklapinku
9,@teamsrkfc
1,@ashokbabuTarak
1,@stalin183_
1,@DefinitelyNot07
2,@alwayz_revanth
1,@NagarjunaDogup2
4,@Srujaydasari
3,@Srhfans1
1,@Thalaiva8525
1,@ImAbhiM
1,@arram_charan
1,@AlwaysRamCharan
1,@aryasukku
2,@ThisIsDSP
2,@MythriOfficial
1,@IamSaiDharamTej
1,@VijaySethuOffl
4,@butterflyxflew
2,@MiLOKMAT
8,@CricCrazyNIKS
2,@sandeep25a
1,@vijayshankar260
2,@KrishnaHitman2
1,@NTRLithin7
1,@HindiNews18
1,@3IDIOTS48672836
5,@vineethians
1,@SCJOntario_en
17,@RVCJ_FB
1,@jaspreet_k5
1,@GovNedLamont
118,@ColorsTV
56,@rahulvaidya23
1,@fifafooz1
1,@Rubinadilaik45
2,@imrealasim
1,@nooouch
1,@BlackBob1952
2,@lachmi0809
1,@akshay_ajay1505
1,@AndhraBoxOffice
1,@FreyjaErlings
1,@slay_thebeast
1,@MikeBarbz
1,@DeadDogLake
1,@heather28df
1,@chrissyteigen
1,@ChrissyCantHear
2,@chrishemsworth
1,@MumfordAndSons
2,@ABCMundial
1,@jonathanliew
8,@GeorgeDobell1
1,@jonawils
2,@Bollyhungama
1,@CenemaMoviez
1,@SutharParth_53
1,@ZEE5India
1,@Shahavaj_Alam07
1,@AshGowariker
1,@WHO13news
1,@CutToIt
1,@fightfan00
2,@gurfatehpirzada
2,@DCATalent
2,@apoorvamehta18
2,@buntysajdeh
3,@RajeevMasand
3,@ADSutherland_
2,@thecricketmen
3,@RahulVerma4860
3,@aamir_khan
1,@NakulMPande
1,@abhimanyu9499
1,@GNewark97
5,@kxip
2,@RajesthanRoyals
1,@Oakancha_Amogh
2,@realaryankumar
1,@KhiladiGroup1
1,@PrithvirajMovie
3,@taran_adarsh
1,@NorthAjithFC
1,@TFCTeamPage
2,@roshmibanik_
115,@BiggBoss
1,@YashKum37776009
4,@Cricketpolls49
1,@rohitianprayu45
1,@Stan_Rohit45
1,@Kohli18stan
1,@bhardwajshiv45
1,@doc_hormone
1,@HBJ3221
1,@SumitkadeI
1,@DavidKHopps
1,@jamesthomson68
1,@Itz_Ajiii
19,@mdsirajofficial
1,@MaziNnamdiKanu
1,@YeleSowore
3,@shehnaazian18
7,@ishehnaaz_gill
1,@MSDhoniForLife
2,@MSD_Cricbuzz
1,@Shikha_Rai07
1,@vardhanic_H
1,@pooja_dadlani
3,@iamsrkclub
1,@gurusrk1
1,@911rk
1,@_MAHIWAY_
1,@BBCBreaking
1,@foxandfriends
2,@SkySportsNews
1,@MaraGay
3,@mygovindia
5,@BBCSport
1,@BBCNews
5,@cricketworldcup
7,@RanveerOfficial
1,@TheParulYadav
5,@iwmbuzz
1,@pratikg80
2,@theanalyst
1,@arjunk26
1,@ParineetiChopra
1,@iamsrkFanClub
1,@KhanSkking
1,@SRKFC4
5,@JontyRhodes8
2,@justvoot
1,@iamskasraful
1,@nayibbukele
1,@bihariladkka
1,@ManushiChhillar
3,@SunfeastYippee
2,@imkatkaif
1,@WhiteHouse
2,@VP
1,@MailOnline
1,@adityaNOTaditay
1,@KennyKen1972
1,@1kevincampbell
1,@U2Brutus_off
1,@iamradioguru
2,@ItsGurubaai
1,@Iyankarthikeyan
1,@Aravifello
1,@SecondShowTamil
1,@Ivan_rishi
1,@iamshanu555
2,@ImVKohli
2,@WisdenCricket
1,@MSAlamOfficial
1,@Iyappa_Dhoni
2,@ms_dhoni071981
1,@arrahman
4,@Stf_offi
4,@243_virat
1,@teamsrkmexico
1,@Sanjeev16515622
1,@Suhanak12
1,@Suhana_Khan_TM
1,@ISuhanaKhan2
1,@gurdeepak_
2,@tejasmishra1997
1,@ms_rajasthan
2,@Cricprabhu
2,@TelanganaCMO
1,@kcr
1,@trspartyonline
1,@KristiNoem
1,@KumarRajeshyv92
1,@CMODelhi
1,@ESIC_Official
1,@esichq
3,@msisodia
1,@drharshvardhan
1,@MoHFW_INDIA
1,@govkristinoem
1,@ElStantio
1,@SrksShaina
1,@salmankimuskan
1,@SalmanKhan_
1,@AaliyaVibes
1,@AliEmraanian
1,@yasmeenhussain7
1,@BrijwaSRKman
1,@Ayaanmohammed18
1,@4PillarNews
1,@DarkKnightRised
1,@OrmaxMedia
1,@EndemolShineIND
2,@FaresJadue
1,@mquezada27
2,@danieljadue
2,@BSepulvedaHales
1,@Angelic00771245
1,@Vidrohi7
2,@MumbaiPolice
1,@sathiyamnews
1,@supriya_sule
1,@thakkar_sameet
1,@Shalvi_Rajput07
1,@NitishKumar
1,@news19_raj
2,@rahultripathi
1,@Itslavanya
1,@LavanyaTripati
1,@Lavanya_Fans
1,@Fun_Tollywood
1,@TrackTwood
2,@mohammadshaikh_
1,@prabhatbooks
1,@Arunsachin102
2,@ANKIT_MH12
1,@Manjaasha3
5,@rohini_sgh
4,@TheCricketerMag
3,@CSKteamFC
1,@9XJalwa
1,@beingsalman2727
1,@Iamfard
1,@Psycho_Virat
6,@iamprajapatanil
1,@AmaanKh77532018
1,@SrkianAnosua
1,@SRKianRupesh
1,@Le_Pathan_Le
1,@1K7Vm3kK7xQjW2w
2,@IamfardeenSRK_
1,@srk_fan
1,@Mystery_Tabrez
1,@Chandansrkian
1,@Livingd35476023
1,@srkianfamily
1,@RuchitaBose
1,@srk_fanzzzz
1,@RaeesAzad4
1,@IShobhitGoyal
1,@DMinghella
1,@nedricknews
2,@kaushal_02_
1,@PoojaB1972
1,@AmitSRKFan1
1,@ShriyaP
1,@AshokChavanINC
1,@onkarsaroya
5,@wwasay
1,@sonu_singh2345
1,@kylegriffin1
1,@IrfanPathan_fan
1,@Swapnil_MDSG
3,@MadhuriDixit
1,@TharukaMahima
2,@Ankit92024933
1,@Rubina58089943
1,@TheDilipKumar
2,@MuVyz
2,@iamsunnydeol
2,@duttsanjay
2,@AnilKapoor
2,@bindasbhidu
2,@KHOurPride
9,@tiwarymanoj
1,@waglenikhil
1,@iqqiabdullah
2,@Legacy_Daark
1,@mehtahansal
1,@dhoniraina_team
4,@FoxCricket
1,@INOXMovies
1,@_PVRCinemas
1,@ThePreityEffect
1,@TheRealkhabri0
3,@news7tamil
1,@NSaina
1,@EnglandCricket
2,@TheCW
37,@OriginalFunko
24,@wusa9
6,@hbwx
18,@miriweather
19,@chesterlampkin
1,@DoorDash
1,@LakhloufiY
1,@KeithOlbermann
1,@AndrewYang
2,@dccomics
1,@DMEforDC
5,@Under3DC
17,@MayorBowser
4,@prasidh43
1,@bryanrwalsh
1,@Axios
3,@stratorob
2,@dirkschaar
2,@space_mog
1,@chris_neto
3,@JoeBiden
3,@KamalaHarris
1,@TGNDRACHELFOX
2,@Eater_DC
7,@ZackSnyder
1,@AmandiOnAir
5,@tedcruz
2,@SenTedCruz
1,@kkr_hakodate
7,@berriodopiaui
1,@RadioJoaquin
2,@TOP40_ACUP
2,@JoaquinBondoni
4,@parthiv9
1,@grotondi
10,@snydercut
6,@coolfunnytshirt
1,@khabarbaazi
1,@NickAdamsinUSA
1,@itsalisparks
1,@Inkedmag
1,@USArmy
1,@VICE
3,@TwitterDC
16,@hbomax
2,@BatmanvSuperman
3,@justiceleaguewb
17,@wbpictures
28,@DCComics
1,@PCMag
2,@Fabriziobustama
60,@Cuttsy31
2,@Etsy
1,@kyleJamieson
1,@JhyeRichardson
1,@justiceleague
1,@spdrmnkyxxiii
1,@NOlshan
1,@xBattleclubpro
1,@NASA
1,@kennywhitemusic
14,@JoeManganiello
1,@JohnSmithDCEU
1,@skr3cik
1,@brendanbeast_82
1,@salemlionsfb
6,@Poshmarkapp
1,@FabricFlippin
1,@sherryj421
1,@MrNiceGuy513
1,@qans00
1,@creativemoco
1,@aCreativeDC
1,@Nix_gunner
1,@NintendoAmerica
2,@MeekMill
2,@JohnWesleyShipp
1,@stargirl_cw
2,@jolivarestolosa
1,@StripMarvel
1,@DT2ComicsChat
1,@SchweitzerMan
1,@grelan
1,@Shadewing
1,@MarkVicFerrer
1,@MikeSchmidt09
1,@DanRemnant
1,@CaptMarvelology
1,@NemesisFC2
1,@OtherverseG
1,@jm_meunier
3,@JamesGunn
1,@daveballou1
1,@lukeostewart
1,@AnDieMusikLive
3,@DCComicsGeeks
1,@NatashaBertrand
1,@hr_indivisible
1,@AmerIndivis
1,@IndivisibleTeam
1,@IndivisibleNet
1,@blackhousenew
1,@ChuckModi1
1,@mpeachmfalready
1,@BillChristeson
1,@LiteraryMouse
1,@mrowand
1,@echo4dc
18,@iampawannegi
4,@aol
7,@ShradhaUpadhy10
3,@HarshUpadhyayVK
2,@gloverpark
1,@ZeeNTheCity
1,@TheCosby
2,@DalotDiogo
1,@CatWhispurrer
1,@tizzywoman
1,@DemocracyStorm
1,@p3R1n01D
1,@rena_korb
1,@51for51
1,@flywithkamala
1,@JCTheResistance
1,@GenWashington64
1,@slipperyhero
1,@Mean_Adam
1,@maura_resister
5,@swatic12
3,@allindiamemes
3,@memecentral_teb
3,@Theindianmeme
3,@TheMemeBaba
3,@thewittyfolks
3,@theengineerbroo
3,@EducatedMoron
11,@Sundarwashi5
2,@screenrant
1,@Hollywdinsdr
1,@DC_Bar
1,@VanMetreCo
1,@AledadeACO
1,@motionpictures
1,@ACCNatlCapital
1,@DMHHS_DC
2,@JackPosobiec
1,@DanScavino
2,@rq6418
2,@EmeraldRobinson
2,@JamesOKeefeIII
3,@LouDobbs
2,@ElijahSchaffer
2,@willchamberlain
2,@Breaking911
1,@giannajessen
1,@mikepompeo
1,@TheLeoTerrell
1,@Murals_DC
1,@DCDPW
1,@IncredibleInd30
1,@Mrs_Cat_Lady
5,@dcwitness
5,@dc_courts
1,@RichardGrenell
1,@SarahHuckabee
1,@BLACKLIVESMAGA1
1,@hotcheetos55
1,@wolfblitzer
1,@BusinessInsider
1,@imamhaque1
1,@Izzhmed1
1,@vishcomical
1,@kyle_mayers67
1,@Al_Drago
1,@SoldierSaluteCB
4,@ICT_SRHFAN
1,@RocksteadyGames
1,@the_eco_thought
1,@jerronherman
2,@Johan13580
2,@BatfleckMovie
1,@bkachinsky
1,@TheKubertSchool
1,@AdamKubert
1,@komal1310
1,@AzraZafar3
1,@DCMultan
1,@mugheesali81
1,@AUKhanOfficial
1,@UmerInamPk
6,@CSKian716
2,@brajendramshr
1,@thatRobster
3,@mattryanreal
1,@jjabrams
1,@gpbolton
2,@DINESHTARAKCULT
2,@joshphilippe2
1,@KKR_Forever
6,@StarSportsKan
1,@MounikaBaviset6
3,@munnapspk3
5,@akakrcb6
1,@steve_rogers_1
1,@Ayaan69206006
2,@AnjelaSana
2,@Sid380
1,@heroichollywood
2,@productionalert
1,@ShaunakKane
1,@iamthemaulik
4,@Rocky__420
17,@Ajith_tweets
1,@FirePants30
1,@FOX19Jeremy
1,@FOX19
1,@AHSRedskins_AD
1,@GovWhitmer
1,@iimcomic
1,@CSInst
1,@c
1,@MarieStopes_Gh
2,@atrivandi
1,@DavyRothbart
1,@17BlocksFilm
1,@kylejamieson
1,@seanabbott77
2,@PathfinderInt
1,@QuamLois
1,@Ramyahariharan4
1,@Senthil_TNBJP
1,@priya_27_
1,@SaffronDalit
1,@SuBaSh_IyeR
1,@akri2000
1,@Dignified_Prity
7,@malolanr
3,@SBR_offl
6,@IndianMourinho
4,@DOES_DC
1,@lifestable
1,@LauraHayesDC
1,@mchael_mchael
1,@wcp
1,@Rambabu7231
1,@Kalam_ki_dhaar
5,@retroreplayshow
1,@StarWarsFan_327
1,@sarcasticbro89
1,@ChottuBnD
1,@DeanOfJio1
1,@Lyfismessy
1,@PONEDO_AANKH
1,@BabaAaramdevp
3,@StanMSD
1,@cskfansforever
1,@Mohitweetz
1,@ChoudharyBaseer
3,@migov
9,@Ram_babu_ray
2,@fox5dc
1,@Dikshkyaoon
1,@teakkadai1
1,@eBay_UK
1,@Nintendo
8,@KumarSanga2
1,@Filmynews11
1,@CapesOnTheCouch
7,@FabianAllen338
1,@InSkybags
1,@ShashwatSh108
1,@Gourang73186830
2,@Todd_McFarlane
1,@jensstoltenberg
1,@NATO
1,@7300
1,@2581
1,@thearielbee
1,@NortheastMaglev
1,@Kingstmb
1,@im_dreamboy
1,@pradeep1988ns
8,@XiaomiEspana
2,@anil_pawanist
1,@PallaviKoushik
1,@BjarteTjostheim
1,@ToreSagen
1,@SteinarSagen
5,@Static_a357
2,@Prathyushan2
1,@SHADEpto
1,@Ward1EdCouncil
1,@W2EdCouncil
1,@W3EdNet
1,@Ward4Ed
1,@Ward5EdCouncil
1,@W6PSPO
1,@Ward7EdCouncil
1,@ward8edcouncil
1,@CoryBooker
4,@RanjiKarnataka
4,@jbairstow21
1,@AlwaysGRajesh
2,@5pm
2,@KarnatakaVarthe
2,@CMofKarnataka
2,@GovindKarjol
2,@mla_sudhakar
2,@MiraskarRavi
2,@DHFWKA
2,@gulbarga_of
4,@shwetha0811
1,@konasbharat
1,@WashTimes
1,@FoxNews
1,@HearstTV
1,@JK_Rowling
1,@EmmaWatson
1,@Heritage
1,@AEI
1,@CatoInstitute
1,@LeaderMcConnell
1,@GOPLeader
1,@GOPChairwoman
1,@TheFanCaste
1,@verotruesocial
1,@clickup
1,@NYC
3,@kirannaidu9999
6,@AnandKripalu
1,@Simonkatich
1,@WBPICTURES
1,@DCCOMICS
1,@JOEMANGANIELLO
2,@Umesh_Dhfm
2,@lokesh08_
6,@navdeepsaini96
6,@rcbbarcafe
1,@SenateGOP
1,@HouseGOP
1,@CreamOrScream
1,@abhishekdalmia1
2,@DravidMelan
15,@WashWizards
15,@nuggets
15,@WizardsReview
2,@SpeakerPelosi
2,@HawleyMO
5,@TansV2000
3,@erinvholland
1,@BBC
5,@councilofdc
1,@dcpolicycenter
1,@RashmiRathi_Mps
2,@absycric
1,@CBP
1,@komal_gattani
3,@washingtonian
2,@FORMArchitects
1,@PriyankaSmile_
1,@janani_111
1,@NIT_S_misHRA
4,@FierceNikki01
1,@Aryantewari2
1,@paparizouhelena
1,@AI_News4
1,@superman
1,@globalsof
1,@Datascientist3_
3,@HKane
1,@dcpublicschools
1,@galacticdads
1,@imurstrulyGokul
2,@TECHSmartX
4,@alluringintros
1,@washingtonpost
3,@NiallAnnett2
3,@WindYerNeck_In
2,@bunnyfangirl65
1,@pratik_shinde18
1,@ShailSaa
2,@itzcaptain
1,@Pontifex
11,@BoldBrigade
2,@TundeEddnut
1,@jatin_kumar13
1,@freakomonk
1,@coloradoavalanche
1,@mackinnon29
3,@iskarthi_
1,@Urstrulymahesh
1,@stellar_dust_18
5,@John_Wick_Off
1,@EddieWouldGrow
2,@diwakarkumar47
1,@Mosarra30650416
1,@SYFY
2,@USA_Network
1,@RCBtweets
6,@StewpidsCafe
1,@whurfm
1,@Rash_yam
1,@JimMWeber
2,@ThirdManCrickUK
1,@Zin10SantaFe
4,@nammateamrcb
1,@RCB__FANZ
1,@DCHeadStartAssn
1,@irp
1,@Abhi4Arsenal
18,@gbhimani
1,@gsurya
6,@man4_cricket
1,@EdSurge
2,@The74
1,@DCSBOE
1,@Divasofcolour
4,@Im_anshsharma
1,@jlucia72
1,@Archana_says__
1,@alok827078
1,@alluarjun
1,@The_OAH
1,@kavya262
2,@Nelson_04_
1,@CricketDave27
2,@flowerwold
2,@ahmarhasan28
2,@sushilpershad
2,@Awan26M
2,@SoniaKhan117
2,@TracyHa98463342
2,@irenerusso124
2,@AmalShal27
2,@roseflourish_13
2,@HumbleIndian
2,@kimmison
2,@isamuuran1316
2,@shabasarah
2,@Daniell59362148
2,@elliesangelwing
2,@hamedomaribrah3
2,@owaisheza
2,@hdemu
2,@SuzanneLepage1
2,@ShayrozL
2,@saabbassam
2,@Cristi33333
2,@Shumona13
2,@nomanbabar47
2,@nieuwemarlean
2,@nabilhasan48
2,@shinunao2
2,@leoneleone451
2,@PptMary
2,@FlowergirlPaula
2,@IslamicTongue
2,@Isobg69
2,@SaharaSarai
2,@ladevita12
2,@KarinR263
2,@LALPUSHP
2,@OBajpai
2,@elsufuen
2,@ScarlettNole
2,@JeanetteEliz
2,@R_Ahmed2010
2,@alvez_rebeca
2,@AnneScottlin
2,@Spicy707
2,@EvantiaEvantia
2,@SammyStela
2,@pilorys3
1,@dc_jp
8,@POTUS
1,@PressSec
4,@nameisvamsi
1,@Ro__183
3,@SushantNMehta
1,@RCBian_tweets
1,@__Abhimanyu_S
1,@udupa_tuttu
2,@kishorekk1706
5,@KonaBharat
1,@theamarjeet
1,@MargHelgen
2,@Disney
1,@CitImmCanada
1,@marcomendicino
2,@iamyusufpathan
1,@stranger2898
7,@capitalweather
3,@PoPville
1,@DCAudubon
1,@theHillisHome
1,@KathrynProciv
1,@juliemason
3,@p_mamta03
3,@imrealArmaan
4,@imkuldeep18
1,@CricketWithAsh
1,@VilasGhodechor
1,@Gangu__Bhai
1,@Rams4Cherry
1,@Atayeshe
45,@Maha_Sports
45,@MarathiSports
46,@kreedajagat
35,@rt_marathi
37,@YoMarathi
34,@Marathi_Mee
35,@marathitwit
1,@kylejamieson013
1,@Sk45827443
4,@KKRFansForever
12,@sportstarweb
9,@TheHinduSports
1,@rahulpassi
1,@Kapilvarala
1,@the0nly1G
1,@J3cion
1,@craigycraigo84
1,@DGoughie
3,@Prat1k_
1,@Bruce_BANORR01
1,@iamsohail_1
1,@housefloor
1,@Choco__barr
1,@AGirl_IsSou
2,@AnythingForMB
1,@NenuVillan
1,@Sri50
1,@LogicalBakwaas
1,@kyaaboltitu
2,@karthik_jammy
1,@Team_rcb_
1,@mattyglesias
1,@manisha_jaipur
1,@tuktuk_academy
3,@Kohliesque
2,@cricadharsh
1,@PratimaanPriyam
3,@Toofaanexpress
1,@vyshnavi66666
1,@SusanneKnight
1,@itz_Ds
1,@Ashwin_tweetz
2,@itz_RaghulVJ45
1,@statanalyst
11,@liaml4893
1,@_dreamer__neha
1,@SarkarVfc
1,@Im_Peaceboy
4,@prakx_tweetz
2,@cricket_badger
1,@Flick_of_wrists
1,@KiranBoidhapu
1,@weirdly_myselff
1,@UrsVamsiShekar
1,@Pkmb183
5,@sunnewstamil
1,@AloneLover07
1,@twebese
1,@CIFFchild
2,@Darren_BV
2,@kbeanie93
1,@bhasmya
5,@DaleSteyn62
1,@SampathStats
1,@R0haan_
5,@AlexHartley93
1,@_AMcCormack7
3,@vlp1994
1,@justiceleagueuk
1,@ATT
3,@warnerbros
2,@srhfansofficial
2,@imharshvardhank
1,@cric_blog
1,@TheVijayMallya
22,@iplauctioneer
2,@MomsDemand
1,@chandu096
2,@Navin06567893
2,@Ayush_Shah_25
1,@sarcasm_unoffic
1,@Curious_Claws
1,@Aamaidaaw
1,@WatchMojo
2,@Itz_Pravz
2,@Sandy_GirlRider
1,@jaydevunadkat
1,@vedantthaker7
2,@FaneleMbuyazi8
3,@manukumarjain
3,@mipaltanfans
1,@Itz_Nagu
1,@Its_Me_Chamika
1,@ChateauChantal
6,@Dhanushvk_
1,@ViratiansTamil
1,@NaniTarock9999
1,@singh_lavendu
1,@MersalRemo
9,@dhanushkraja
3,@SimpleSuni
1,@DishPatani
2,@sarvan_lsr
6,@Im__Arfan
3,@vedakmurthy08
1,@Orotify
1,@mikehesson08
2,@BangaloreTimes1
1,@twiterisshit_
1,@suttamarnahai
1,@notbhaskarr
1,@EntropyPositive
6,@Thyview
1,@BobbyParmar
2,@Eesaa_Khan
2,@TenaciousTopper
11,@JakeLushMcCrum
1,@petits
1,@cheeku4042
9,@stanningrkv
2,@SamiFlies
1,@nsptsaiphanitej
1,@bryantalbotofficial
1,@valepizzas
1,@Bienvenidos13
1,@NithinWatto_185
1,@code_Tejspeak
1,@impuranjayp
4,@VanshCh02845384
3,@RenuuSony14
1,@Rebelismm
1,@Pulguiteando
1,@Cric_Karthikk
1,@rollsroycecars
1,@kanchanSRK
1,@BillyChilly14
2,@AstralShines
1,@ShivagoudAA
3,@ismart184
1,@itz_expiry45
1,@black_karupu
1,@Narayanbasyal31
1,@Casaccio02
1,@itx_rosee
1,@Gagan__Gaja
6,@Sportskeeda
1,@Maria_sepul66
1,@JoeFerguson1234
2,@DavidShuster
4,@Rizzvi73
1,@eva_rosen
1,@nytopinion
2,@nytimes
1,@SocialSecurity
2,@DCTitans
1,@TheDCUniverse
1,@SuicideSquadWB
1,@wbpictures_br
1,@JaredLeto
2,@StarSportsTel
1,@IMVenuGopalRao
1,@CricketerKalyan
1,@ashishreddy_9
1,@VenkatapathyRa5
1,@ActorNandu
1,@PhotoKerala
1,@KeralaTourism
1,@Dheena39696862
1,@Saikumarpeddin5
5,@rgtino7
1,@16
2,@Nimma_Rohit
2,@aara_naseem
1,@Mayor_Steinberg
1,@MichaelDTubbs
1,@GavinNewsom
1,@AnitaBondsDC
1,@CM_Silverman
1,@BrianneKNadeau
1,@FairBudgetDC
3,@RReddy72
2,@Yashi_foryou_
1,@shrivant
1,@_RohitShetty_
1,@nd
1,@collinsadam
1,@CforCrickett
1,@VoteCountpoll
1,@DCMarvelUnited2
1,@KuldeepDwari
5,@MdShami11
1,@RenanSD
1,@NagsMr
14,@DanishSait
1,@ReproRights
2,@Iamsrk
2,@FlashyAttitude2
1,@anandk0101
1,@Mohan_Velu
2,@chaitutarak9999
2,@Dheerajsingh_
1,@gisby_marc
3,@14
1,@NicoleDiAntonio
9,@Rbloggers
1,@ViratKohliStats
1,@DrSuperSalty
1,@Satwik210
1,@MiriWeather
1,@VaDOTNOVA
3,@Capitals
2,@NHL
1,@DrCathyAtkinson
1,@timceducation
1,@bhavinsaagar
3,@DisDatNothin
4,@DavidMillerSA12
1,@mafiapraveen
2,@satyach78459401
1,@iamenriquepepin
1,@iShahzadFarooq
1,@NTR_S_Follower
1,@NTRRules_
2,@BharathRavan999
2,@Jetha_Live
2,@Krishnaru123
1,@yeswanth86
1,@theMRC
1,@ThePTC
1,@Jayindcan
4,@HBO
9,@elonmusk
1,@StylishXrishabh
1,@NkNusaik
1,@yuvanmain
2,@imgovinddd
1,@_TNROfficial
1,@JSTheVoice1
1,@HedgeScout
1,@TheBearRadio
1,@Cheeku218
3,@Fukkard
1,@Kannadigacentre
1,@Vijay7023928297
1,@rashikarajput01
1,@_UddiiBaba
2,@The_Sleigher
1,@EaswaranTweets
2,@RehobothPd
2,@OCPDMDinfo
6,@greatdaywash
13,@HBWX
1,@ThalaSp_
1,@CinemaDurendal
2,@lndri_
1,@Kuptaan
1,@UnitedAsimSquad
1,@bhogleHarsha
2,@Joybhattacharj
2,@HagerstownPD
2,@theJournalWV
2,@WISPResort
1,@alwaysjaghu
1,@ShaSherNat
1,@RCBfansClub
2,@SOMDWXNews
2,@CharlesCoMD
2,@SpotsySchools
2,@MrStarksPeter
1,@ViratKohlisEra
1,@Chintanmilan07
1,@Md_Mustafa_01
2,@Atheist_Krishna
1,@laorenchanna
1,@lwsrk
1,@NewBambooCity
1,@Bavitha23371511
2,@FCPS1News
2,@WinchesterPD
1,@guardian
3,@Fred_MD_Police
3,@HCPDNews
1,@Ghumrah1
1,@JawanVeer
1,@VamsiTarakFan1
2,@SahiDisha
3,@maxi
2,@SouthBelgraveCC
2,@moodyracingpgm
2,@TimesNow
1,@itsnot_sam_here
2,@PGPDNews
2,@mcpnews
2,@FairfaxCounty
2,@LoudounCoGovt
2,@PWCpoliceDept
12,@vikramsathaye
1,@Abhishek_1789
1,@SurfPora
1,@sairamtata99
2,@gulf_news
1,@Pokiri2497
1,@ico90clast
1,@iBeingJaii
1,@Akshay_Brigade
2,@bugga_prasadu
8,@BCBtigers
1,@aaqibrk
2,@ThatBareillyGuy
1,@Gail_F_Nestel
1,@bhanu_prakash07
1,@Prashant100304
1,@Flashv07
1,@Thureeskhan
4,@sambitbal
1,@urstrulyram14
1,@SagarRathore_
1,@TheAshishNehra
1,@CapdtOfficial
2,@IndianExpress
1,@Watney_18
2,@legsidelizzy
1,@GlaneMaxwell
1,@Ravianenenu
1,@Zubair24993777
1,@RollsRoyce
1,@nikhil_salvator
1,@Lee_Executive
1,@khaayaLagaya
4,@Anurag_Cricket
7,@peeyushsharmaa
1,@prabisha_
2,@OTTGURUJINITHIN
2,@salonisrkian
1,@SJ_8496
1,@_Blissfulgirl_
1,@imAkshetri
1,@che_gue_vara__
1,@kartik_kannan
1,@tweetakudu
2,@clutchplay
2,@itz_sk55
1,@Delta_Exchange
3,@Alex_WaH33d
2,@iabhibarot
1,@Mittermaniac
1,@ImAbhay3
2,@cinee_worldd
1,@Gouthamoffl
2,@_contagion__
1,@bsiva_siva
3,@CricSubhayan
3,@_MAXWELL_
1,@KTMite
1,@nandeeshbh18
1,@ananyaa__17
1,@virat_always
1,@_KingKohli254_
1,@Hiba_Viratian
1,@ViratArdentFans
1,@Pran33Th__18
4,@HoeZaay
2,@GlennMax
1,@tanukaushik
1,@TVMartinRoberts
1,@TeamRakul10
1,@ThanthiTV
1,@Its_Rockysk
1,@Satya30458870
1,@glennmaxwell123
2,@Tishasays_12
1,@divahot99
1,@SwarnilSaxena
1,@Virutarak44
5,@GlenMaxwell
1,@AazimKassim
2,@ghilliselvan18
11,@sports_tak
5,@TusharD_96
1,@Snow_Iits
1,@PreetKaur9198
1,@tharani_s_k_78
1,@Mr_Perfecttwitz
2,@vinaykashy
1,@imVkohl1
12,@TeluguRcb
2,@Gillian_Price
1,@WUSA9
1,@IndiaTVHindi
1,@dream11
1,@akarsh_26
1,@anil_arya4
1,@SRHFanArmy
1,@TerryLTAM
2,@league11_in
1,@RCBFans_AP
1,@rcbfanforever
1,@F11App
1,@kartikmurali
1,@AjayPershetty
7,@XiaomiIndia
3,@navkrish55
1,@HundredReport
1,@SDHungerCo
1,@itz_satheesh2
1,@FeedingAmerica
1,@kohliprabhas1
1,@Dhananjayaka
2,@PuneethRajkumar
1,@SanthoshAnand15
1,@Austindiapers
1,@BHCHP
1,@dreamingbiryani
1,@DpAadhf
4,@im_sandipan
1,@wasimalwez
1,@Yasin06908194
2,@rudyagovic
2,@revodavid
2,@craigbrownphd
2,@datafloq
5,@wesmckinn
2,@fogorosandrei
1,@SheikhBakhrBhai
1,@ExquisiteEvaG
1,@ACTBrigitte
1,@Jerry_Doshier
3,@TheDemocrats
1,@benterdik
1,@mezcotoyz
1,@rahul_niranjen
1,@Gmaxi_32Fans
2,@_itz__pravin
1,@batman
1,@batman_o
3,@imPVKrishna
1,@chryslus
1,@amarino2814
1,@illuviumio
1,@SANTHOSH__LEE
1,@LetsTrekItOut
1,@ajinkya_299
1,@Kavin_m_0431
1,@RahulTh31692339
2,@iam4sunrise
1,@itzzak6
1,@thehill
1,@shrikantd31
1,@abhishek
1,@AWS
1,@sanjevofficial
4,@proudkafeer
1,@Trx1000
3,@OneindiaKannada
1,@its_bunny_fan
1,@HemanthKumarbn7
1,@dcpcsb
1,@fiedagirl81
1,@wkamaubell
1,@benshapiro
2,@JamesFaulkner44
6,@vijaymirror
1,@CJHarvey56
3,@windiescricket
2,@v_vishal13
1,@PedroPascal1
1,@themandalorian
1,@GameOfThrones
1,@MiBangladesh
1,@Rohith_sPyD3r
1,@AbhijeetSid007
1,@smileprashu
1,@imPVK94B
1,@heart_satyam
1,@imAkhi18
2,@Kohli_Spy
1,@Vkcult18
1,@ItsStrangeSpy
1,@Jerryjack402
1,@Anshutweetss
1,@ApmMemes
1,@maxee
3,@RedmiIndia
1,@YUVRAJSINGH0212
3,@khushbookadri
1,@moonphories
1,@krishnaraj_17
4,@im_viratian_
1,@rishiraj_singh1
1,@wishuall_pixels
1,@patcollins4
1,@Itssan17
1,@hotstarcanada
10,@RealDealBeal23
10,@russwest44
10,@BeMore27
10,@jokiccenter
3,@kukrejaravii
7,@stacktownfilms
1,@iTIGERSHROFF
1,@AyeshaShroff
1,@docjorich
1,@Monalis20198861
1,@ltgrusselhonore
1,@SportswithSK1
2,@ViratKohliEdits
1,@tomhanks
1,@tylerhoechlin
4,@Kritzika
1,@Ajith_Fan_AK
1,@Dheena_Jeya
1,@Murucommonman
1,@deepcuv
1,@revwendy3
1,@tedchaffman
1,@its_Jalz
1,@Magesh_Az
1,@DavidAyerMovies
1,@StephenAtHome
1,@chbooksdc
1,@RanttMedia
1,@NicoleKang
1,@JaviciaLeslie
2,@CWBatwoman
1,@BatwomanWriters
1,@MeaganTandy
1,@CamrusJ
1,@nikkifried
1,@Alyssa_Milano
1,@GovRonDeSantis
1,@nancyblanchard
2,@KevinHart4real
1,@FantasyandSciFi
1,@shanedavisart
1,@linyanzi
1,@GameStop
1,@Arjunjeee
1,@AllElseIs_Taken
1,@Manimuzic1
1,@OneDelightfulL
1,@RewardMyShoppin
2,@realfoodtravel
2,@dolcezzagelato
1,@dlaskaris
1,@shreddel
1,@CityCenterDC
1,@ant_kneee
1,@Adventuringgal
1,@PoshPorts
1,@FoodTravelist
1,@ourtastytravels
1,@FRESHFARMDC
1,@EuricSanti
1,@RepThomasMassie
1,@senrobportman
1,@marcorubio
1,@SenatorTimScott
1,@RepGuthrie
1,@SenTomCotton
1,@laurenboebert
1,@EliseStefanik
1,@TTuberville
1,@MarshaBlackburn
1,@CawthornforNC
5,@gmail
1,@EleanorNorton
1,@USPS
1,@redasp07
1,@MarcanoSax
1,@EraceTheHate
1,@NovaSoundWav
1,@EvergreenAction
1,@sandy_kaw
1,@DemCastUSA
1,@subzerowolf
1,@AppliancesABW
1,@minebocek
1,@RStudioEDU
2,@kdnuggets
1,@tableau
1,@randal_olson
2,@TDataScience
2,@Medium
1,@samuel_wong_
1,@simplivllc
4,@ronald_vanloon
4,@stanfordnlp
2,@richardsocher
1,@nfstc
1,@GCAS_Animals
1,@reddogsusie
1,@WinglessBird_
1,@SandraK93322487
1,@samjarvis49
1,@for_pittys
1,@Janetlynne211
1,@4paws8
1,@jijmpel
1,@Hbowman1H
1,@rollca49
1,@MelissaRNMBA
1,@DebbieS00060220
1,@DebraDragonhea2
1,@JustMelissa18
1,@dcsboe
1,@Hermes3456
1,@pijoe1212
1,@ARmodelIII
1,@brookewesterley
1,@_DCHealth
1,@walteraliaganyc
1,@msbernadetteb
1,@yorkinabox
1,@bernadazzled
1,@HUDMidAtlantic
1,@DCDHCD
1,@HUDgov
1,@NicolaScottArt
1,@SenSchumer
1,@deliangoncalves
1,@StompSlumlords
1,@HillcrestWard7
1,@DCPoliceDept
1,@TheAdvoc8te
1,@DCHumanServ
1,@ryanbnjmn
1,@BATTinks
1,@Variety
1,@MovilidadHgo
1,@DEADLINE
1,@DCWonderWoman
1,@WBJonline
1,@WBJDan
1,@strataconf
1,@realmikefox
1,@llrounder
1,@ACLUofKY
4,@surenmadineshs
1,@planetmma_
1,@delta
1,@Williamson_Josh
1,@DHenriquesInks
1,@Shoptiques
5,@Forbes
1,@artgandy36
2,@HilareeBanks
1,@HBO_Brasil
1,@hbogo
1,@bryanzapp
1,@CutHamad
3,@Cinepolis
4,@Cinemex
3,@CinePREMIERE
1,@PhillipKJohnson
1,@mikeljanin
1,@BrandonEaston
1,@val_delandro
1,@beckycloonan
1,@michaelwconrad
1,@Oeming
1,@spacekicker
1,@DCSuperman
1,@DustinWeaver12
1,@CryptoFinally
3,@ecomi_
1,@CharlesSenteio
1,@k8lin
1,@TawfiqAmmari
1,@vivks
2,@jgarnerr96
1,@engadget
1,@jonfingas
7,@spirosmargaris
1,@mhiesboeck
2,@jose_garde
1,@forbiddenplanet
1,@CIA
1,@MakaPna
1,@OpenTechFund
1,@dmvhoodzandnewz
1,@ComicBook
2,@PDC_Chile
1,@EvaSmartAI
1,@brookepintodc
1,@postlocal
1,@BernJordanMP
1,@erinotoole
1,@buckymalone703
1,@shaypastel
1,@miyungYUMM
2,@realprietyzinta
3,@MOHALIKINGS
1,@LLDNofficiel
1,@OpenGovHub
1,@WBHomeEnt
1,@StopSmackn
1,@AGameWithRobA
1,@allmychildren
1,@dcpl
1,@SmithsonianACM
1,@SamuelGeorge76
1,@SabiyhaP
1,@MPC_AU
1,@AU_SPA
1,@BertelsmannFdn
3,@THR
1,@The_Illuminerdi
1,@LongLiveGoGo
1,@CSIConstruction
1,@visixnofficial
1,@CinePREMIEREvque
1,@WBPictures_Mx
1,@JenelleLSchmidt
1,@cheerstocomics
1,@CBKcast
1,@TeamSasha
1,@rorolyn
1,@Lulabella07
1,@sasha_stana
1,@hmb5914
1,@vbbneighbor
1,@Taina47
1,@lori_mehl1
1,@ValerieMckenna
1,@MariaDeVoe1
1,@dinajanexo
1,@SamanthaLBusa
1,@OObviously
1,@AnnePParis
1,@all_for_sasha
1,@Veronikazidkova
1,@nath9c2
1,@biguuey123
1,@OriginalAnd_Tru
1,@neyz0n6
1,@cnn
1,@ABCPolitics
1,@Washingtonpost
1,@washingtontimes
2,@USEmbassyMEX
1,@VardhanXP
1,@DouglassCLT
1,@glennkirschner2
2,@PachucaGob
2,@Cricketkeeda10
1,@SkriptFr
1,@toecrushrzzz
1,@itsStudio2009
1,@SCP21
1,@TFG1Mike
1,@namesri
1,@myntra
1,@dhaikilokatweet
2,@Trendulkar
1,@flyingbeast320
1,@Middlclssmowgli
1,@SawdeyServices
1,@Like_Share_Sub
1,@BennyHarris96
1,@HannahLiv93
1,@RaeHarris97
1,@JayDStar03
1,@Public_Citizen
1,@WomenLeadGSU
1,@Nerdnewshappyh1
2,@Imsrb9
1,@MaheshRebal10
2,@deeplearn007
1,@paula_piccard
1,@ShilpiSinghINC
1,@IamSwWapSRK
1,@m
1,@EnLaFontana_cl
1,@gilly381
1,@RSStudi76955160
1,@MAKEDEATHSTROK1
1,@RTSnyderCut
1,@SkyUK
2,@skyatlantic
1,@tweeterhead
5,@MalhotraSaurabh
1,@NikitaP26369467
1,@imohitburman
1,@CathULaw
1,@dspin67
1,@daschayanikaa
1,@CFC_Phantom
1,@_niviii
1,@DCDISB
1,@barackobama
1,@AthiyahTA
1,@akki_dhoni
1,@Ipl_2021_fans
1,@amazon
1,@SenMikeShirkey
1,@MichiganAdvance
1,@LainaStebbinsMI
1,@Itz_JaiAK_
1,@imShibusm
1,@dcbeings
1,@SexIsDC
2,@Deep_Point_
1,@leagueofcities
1,@CMLewisGeorgeW4
1,@TridentSportsX
1,@GoogleNews
1,@indiatoday
1,@un
1,@ASEAN
1,@interpol_sg
1,@lacroix_un
1,@ZacharyLevi
1,@IntEngineering
3,@nandodf
3,@hugo_larochelle
1,@hastteltoy
1,@AskRishabh
1,@StephenAmell
3,@Leg_Gully
2,@KrishnaKRM
2,@IndianJoeyy
1,@googlemaps
1,@Itz_Nishii
1,@Itz_Aruntwitz2
1,@distrokid
1,@im3nb
1,@WeAreDCAction
1,@thenation
1,@basedegolpes
1,@WorldFamousLVr
2,@TaxiDriverVicky
1,@roamingrooster1
1,@GW_Partnership
4,@fchahin
1,@zshamsuna
1,@unfpanigeria
1,@ullamuller
1,@multiversedc
4,@wef
3,@healthinovatio1
3,@sonu_monika
1,@rdalwale
1,@AMC_TV
1,@DCcomicsMX
1,@dw_dcs
1,@ChmnMendelson
1,@dcharleyquinn
1,@ArnabBasu21
1,@johndscott
1,@StrathForensics
1,@AtlanticBooks
1,@lsmlpoosai
2,@SteadyTheShip
2,@JayHao8
1,@Spartan_Ajith7
13,@abdevilliers17
1,@stufflistings
2,@its_Nishma2
1,@AtienzaCortes
1,@NiltoEly
2,@T13
1,@mbachelet
1,@iamnobody_3
1,@Wbpictures
1,@WeBleedBlue007
1,@ImRaghav45
2,@StateDept
2,@SecBlinken
1,@BuiltBySpero
1,@girlnextshore
1,@FLOTUS
2,@SenSanders
1,@jon_melville
1,@pesqueiro_perriell
1,@Flipkart
1,@amazonIN
1,@Cultural_Places
1,@Mounika_1512
1,@ohnonolovent
1,@dxalien
1,@marcplanb
2,@wildflowerschls
1,@Iceman_Hof
1,@ServeYourCityDC
1,@CurrentMvmnts
1,@EmpowerDC
1,@SWDC_Action
1,@Kkriders
2,@StormHour
1,@ThePhotoHour
1,@ExposedDC
1,@meheller
1,@itworld
1,@ces
2,@soumithchintala
1,@RepYoungKim
1,@YanickPaquette
1,@nathanfairbairn
1,@ThisShowStinks
1,@laurynricketts
1,@ChuckBell4
1,@TKLittles
1,@MarcSterne
1,@torietweet
1,@BraunFilm
1,@lizclarketweet
1,@HarshJa40165078
1,@venkysplace
1,@DCComicsMovie
1,@DcComicsUnited
4,@DCBatman
1,@cineylibertad
1,@eccediciones
1,@PALOMITERO
1,@repaci31
1,@Cineenunminuto
1,@EvaConCausa
1,@Cope
1,@prato_mauro
1,@AlanEo21
1,@Reynolds2G
1,@JonathanHoenig
1,@FloridaFairtax
1,@ptomelitsch
1,@VanRijmenam
1,@kaigrunwitz
5,@AbhyudayaMohan
1,@TOLLRacingTeam
1,@carlesolle71
1,@MotoGP
1,@UMich
1,@freep
1,@MatthewCappucci
1,@MWEATHERR
1,@StephanieAbrams
1,@sunset_wx
1,@midatlanticwx
1,@spann
1,@AnnieYuTV
1,@DCAllisontv
1,@NWS_BaltWash
1,@ttaulli
1,@xbond49
1,@marketbuildr
1,@moegmida
1,@CapesCowlsMask
2,@RobAylingFilm
14,@gaurav_sundar
1,@thesuperheroaxis
1,@glomeruloso
1,@ZenesysTech
1,@visualistan
1,@thinkers360
1,@huawei
2,@wiprodigital
1,@Hiteshsharma100
1,@IamSlayerBoy
4,@Russell12A
1,@jessie8881
1,@jennygathright
1,@CarrBurner
1,@derekcarrqb
1,@SERAC_BD
1,@UNFPA
1,@EswatiniGovern1
1,@FLAS79
1,@dibujando
1,@MoiraJenkins1
1,@DominicRaab
2,@BorisJohnson
1,@Borisjohnson
1,@dominicraab
1,@anchor
1,@mrsundaymovies
1,@wikipediabrown
1,@TheWeeklyPlanet
1,@BootstrapsBiz
1,@mikeschiemer
3,@modernimprint
1,@yuzu_3838
1,@OfflineTV
1,@pokimanelol
1,@DheerajDhoopar
1,@ZeeTV
1,@DheerajFC_
1,@FcPreetann
1,@arhi_preeran
1,@RocksPreeran
1,@DheerajDhoopar8
1,@sanjaybjumaani
1,@ITSMeccatronico
1,@GToccafondi
1,@AnnaAscani
1,@pepdecr
1,@valeriafedeli
1,@lofioramonti
1,@FusacchiA
1,@ApreaValentina
2,@sciam
2,@anilananth
2,@karpathy
1,@drfeife
1,@soaog
1,@oriolvinyalsml
1,@RajwinderPal14
1,@Pontifex_it
1,@SenatoStampa
1,@akrsfamedia
1,@PCdeChile
1,@sagardy977367
1,@bkaurmft
1,@gofigure_sk
1,@theSKmarket
1,@drfeifei
1,@ylecun
1,@edorixi
1,@sewersydaa
1,@insprade
2,@pra_tea_k
1,@kooindia
1,@TreyKrimsin
1,@elminiedip
1,@harrypetsanis
2,@WIRED
2,@schmarzo
2,@DataScienceCtrl
2,@kirkdborne
1,@wiprodigita
2,@Quora
6,@ipfconline1
1,@msftresearc
2,@DanRobitzski
2,@futurism
2,@diebo37
2,@Ronald_vanLoon
1,@vanguardsw
1,@xbrlstan
2,@JapanGov
2,@stephanenappo
3,@ogrisel
2,@Robert
2,@ElectronicDesgn
1,@jeremyp
2,@kjytay
2,@yvesmulkers
2,@levie
1,@jishphil
1,@dansams60
2,@HarshalPatel23
1,@imM_Siraj
2,@shane_barker
2,@hackernoon
2,@fabriziobustama
1,@Mashable
1,@BostonDynamics
1,@arduino
1,@jimharris
1,@simonlporter
1,@imViratNaveen
1,@Summarizer
1,@CIJAinfo
1,@ShimonFogel
1,@AviBenlolo
1,@bnaibrithcanada
1,@MichaelMostyn
1,@IrwinCotler
1,@jfcuia
1,@JMZelly
1,@214
1,@1567
1,@549
1,@399
1,@valaafshar
1,@SunTV
1,@sunpictures
1,@AbhiRaj98922
1,@audiomack
1,@bzga_de
1,@FLOC_DC
1,@DoADoubleGood
1,@RatinderBhullar
2,@IAmIsuru17
1,@originalfunko
1,@CNRS
1,@UMR_Passages
1,@_IFRIS
1,@Cermes3
1,@EHESS_fr
1,@Kishanbhadoriya
1,@msftresearch
2,@ABdeVilliers1
3,@KicchaSudeep
1,@ShrikantS_JK
1,@PRINCEMIFAN
1,@Vikastan2912
1,@TheNameIsMukund
1,@kamalahamad65
1,@XiaomiIndiaFan2
1,@chinni___
1,@manish29_10
1,@rsalakhu
1,@SANAKHAN_93
1,@vecanoi
1,@samiranghosh
3,@alvinfoo
1,@sheena2804
1,@firstpost
1,@Qualcomm
2,@C4ETech
1,@Xiaomi
1,@redmiindia
1,@lightroom
1,@BahetiVidushi
1,@TeamVSP_Offl
1,@MakkalSelvanFC
1,@VijaySethuFans
1,@DanielleDV27
1,@potus
1,@aoc
1,@AbhinavKarthik_
1,@NameIsMukesh
2,@RRRMovie
1,@Umeshnni
1,@bhawnakohli5
1,@sanjaybangar
1,@simonkatich
1,@sridharansriram
1,@adamgri71298032
1,@iamnortheast
1,@justin_halpern
1,@bluesalley
1,@boogsnan
1,@jeremyphoward
1,@hardmaru
4,@_cricketsparsh
2,@streamboosts
2,@demons_stream
2,@twitchhost
1,@roguefitness
1,@Jayakumar_hrr
5,@AbdeFansTrends
1,@Troll_RCBHaters
1,@sanjayHJ
1,@Sangame48495626
1,@HeyShakes
1,@sweetsamny
1,@meisshaily
1,@weijia
1,@RSprouseNews
2,@MeCaigoDeRisa
1,@gabyspanic
1,@ScottCircle
1,@leeodden
1,@bristoluni
1,@JewishChron
1,@CorbinShanklin
1,@bryceawk
1,@RNebens
1,@TheManishDayal
1,@amxndareviews
1,@imagmusic
1,@entatymusic
1,@its_bsd
1,@andrewzimmern
1,@GothamKnights
1,@Lexus
1,@ZachyMuhammad
1,@ray8fisher
1,@joss
1,@Kohlicious_
1,@DDOTDC
1,@marycheh
1,@SecretaryPete
1,@heavenandangel_
1,@ellpan
1,@haroldsinnott
1,@mikequinda
1,@BernieSanders
1,@gwNURSING
1,@GWHillel
1,@jjhorgan
1,@nikki20038
1,@QICcommunity
3,@1945rkn
1,@bladeoneill
1,@drawntocomics
1,@talesoflance
1,@GearMaster00
1,@AdmiralVAhl
1,@Fortun8Ball
1,@NicholasAllaire
1,@ToxinnTV
1,@dougkammerer
1,@OlivoFGC
1,@anthonymarsalese
1,@epiccosplaywigs
1,@CarlLumbly
1,@WimDelva
1,@qzafrica
3,@jblefevre60
1,@huaweient
4,@MasterChef_it
1,@Ngeremsexyboy
3,@w
3,@Speedfm9
1,@DinoNice4
1,@by
1,@Iam_Eazieboi
1,@Ayye_pap
1,@ComedyCentral
13,@TheRealPCB
2,@mcjnicholas
1,@sojaoSid
1,@strfansml
1,@STRtweetzz
3,@SilambarasanTR_
1,@Keertha76776177
1,@hariharannaidu
1,@NickyAACampbell
1,@Mayakhan0902
2,@its_dsk
1,@JoshPhillip
1,@parasarudayan
1,@IIMAhmedabad
1,@IIML
1,@IIM_Calcutta
1,@artidesai555
1,@BishanBedi
113,@RubiDilaik
1,@radiofreebk
1,@Ltigerman
1,@Apollo66rock
1,@thebonnevilles
1,@TheMacksBand
1,@Molice_News
1,@PCee52
1,@TomBilyeu
10,@joinClubhouse
5,@Tanay_Tiwari
1,@theofficialkeir
1,@Thomas57555988
1,@KamMistry1972
1,@UnderCloud12
1,@THARADIO
1,@Dbossvinay9
1,@Sarcasm_Hr
3,@WhiteDevil18_
1,@Raghul64190556
1,@karthikakilesh3
1,@charufan1
1,@NaganathanBoss
1,@rs_social15
7,@imAagarkar
5,@bradhodge007
3,@RaunakRK
1,@CSOForumSSD
1,@sidvee
1,@hman
8,@khamnaei
8,@khamenei_ir
1,@ParveenKaswan
1,@theprayagtiwari
1,@viratkohli
1,@meera_mitun
1,@Bhogleharsha
1,@dmuthuk
1,@Piyushchawla10
2,@Chitwan86
2,@isaac_icehood
1,@libertyfm917
3,@iam_zinoleesky_
140,@Dj_Aloso
96,@STANDARDfm893
1,@themic__
4,@TiwaSavage
3,@Socute_NLAa
3,@youngskales
2,@kayode_obafemy1
2,@AmitTweets27
2,@4labi_Omopataki
8,@IamMayorKun
14,@davido
3,@jok_jahjah
3,@JDorff5
2,@iambodeblaq
2,@s_boylee1234567
5,@TeniEntertainer
3,@IZubskid
2,@lynxberry3
5,@Molenu
6,@MusicBabatunde
3,@1gtyymrankz
6,@kristosmusic
1,@chennaiIPL
2,@iam_smalldoctor
1,@iambornstarpoka
1,@iambonstarpoka
3,@official_yoboro
3,@Jyan72866846
3,@officialHOTICE
5,@BlaqBonez
6,@csk
1,@jblack9ja
3,@OfficialEikos
5,@oxladeofficial
2,@Tonyfortune_1
10,@Omah_Lay
3,@24Money1
2,@olamide
4,@officialnairam1
2,@Mikofridan
3,@rudeboypsquare
7,@ouchman77
3,@ODlevel_
3,@lord_luxer
2,@Shinedotcom
7,@9euroooo
1,@manojdimri1
1,@alokmauryaji
1,@GroupsHalogen
5,@drgurjar63
1,@astebabuino
2,@War_machine2
2,@Govind_Vishnu
2,@Venu_R
2,@othergandhi
1,@NishadPaiVaidya
1,@ImRohanGulavani
2,@devanshup
4,@ScottMorrisonMP
1,@thedailybeast
5,@GaurangBhardwa1
1,@7Cricket
2,@AbijitG
1,@MUmbao
1,@sidhant
1,@shaunattwood
13,@ParthJindal11
5,@MustafaGhouse
4,@allaboutsriram
2,@jswsports
2,@sports_gmr
1,@AncelaMirror
3,@OfficialPSL
1,@imvkohli
3,@suhailchandhok
1,@starindia
3,@NikhilNaz
1,@official_novag
32,@Mulladeejay1
2,@Utkarsh2609
1,@destinybetpro1
1,@B_KH_H
4,@dailyajitnews
1,@prakashraaj
1,@Patel_vivek95
1,@MeSamir23
1,@THENAMEISJALAL
1,@FriendsTV
2,@VRSVirginia
2,@ArtisticBlower
2,@anniefarmer
6,@samiprajguru
1,@Balagutz
1,@GlennMaxwell
1,@max
2,@mvj888
1,@DiggySinghDeo
1,@ap_pune
1,@Mani_Speak
4,@IamPriya___
3,@CricPrasen
4,@Fancricket12
1,@IamFatima5
4,@sthalekar93
1,@officialolad3ji
16,@Parrotfm10
1,@oficialnicekid
1,@iam_brownbizzy
1,@BlackDola2
1,@Ecprince1
1,@Cubesvibes
1,@AkuzNgiangia1
1,@DeeOffcial
1,@officialkapable
1,@pyoungy2
1,@tamaratgrin
1,@Samsunfra1
1,@BobbyGstar9
1,@Vietman_Ndu
1,@Cricbuzz
4,@NewsNationTV
1,@TheSoulSpartan
1,@sparrowsoftwares
1,@Shirsh9
1,@kallol_ss
1,@Cricrajeshpk
1,@ArghyaAcharya7
4,@Harshh_One8
1,@Tamil_Viratians
1,@ApolloFND
1,@upasanakonidela
1,@FcSonuSood
1,@Being_circuit
2,@ovshake42
1,@Qawiyu1
2,@therealeldray
2,@DirtyDenimz
2,@jessenationn
2,@ThaRealLmo
2,@ecarlosbez
4,@PM_EscapadeR
1,@02
1,@StarSports
4,@Hotboyqsberg
2,@FreshPrinceLOMO
5,@opelempe
2,@keltopsign
1,@thalapathykohli
1,@Virat18Suriya23
2,@greatadamz
2,@Wowdgreat
2,@interna29007107
4,@TOBYSENSEY
2,@presley_mute
1,@nirmalharindran
1,@Semseezy
1,@TopradioF
1,@Callme_phabz
107,@DjCruise2
122,@1djcruise
115,@ibad_premierfm
3,@mcgalaxyMCG
2,@AgueroBanks2
7,@Peruzzi
4,@iamkissdaniel
2,@officialmatt_o
2,@LEKTUNES
2,@aydotcommusic
3,@dotmanofficial
4,@Zinoleesky
2,@iam_jamopyper
4,@youngzilrap
2,@oritsefemi
4,@fitilaent
4,@mrdrey_official
4,@emmyscourtmusic
4,@iamChinapee
2,@skimarlima_
2,@Tega_C
2,@callmeReal_Ken
23,@Olamide
2,@fineboybeIIa
3,@street_superb
2,@patorankingfire
4,@segunjoguns
4,@iampchi
2,@mrgidi1
3,@georgewakz2
2,@Raymondkng1
2,@Tetra_Music_
2,@EllaoBig
2,@wealthmacleod
2,@Legenda80762941
4,@aghoghomusic
1,@TweetsOfBhogle
3,@Ayanfe_Official
4,@wizkidayo
4,@temsbaby
2,@djxquisite_
2,@PsychoYP
2,@DJ_TUNEZ
2,@adekunleGOLD
2,@ayrastarr
2,@MAVINRECORDS
2,@DONJAZZY
4,@Jblack9ja
2,@Txmagic_
2,@Badboytimz
3,@fireboydml
1,@thesouledstore
5,@burnaboy
1,@iamchimbasky
3,@superboycheque
4,@apisoulll
2,@Snazzygrin191
4,@cricrohit
1,@Jahvoice
12,@djsimple
6,@bestafro889
1,@elegantknock
1,@aadisingh86
1,@karanchugh13
1,@neilnarvekar
1,@friendjaidev
2,@everblazingsound_team
2,@socavibes_radiostation
1,@paparoach
1,@Loudwire
1,@anuj9dubey
1,@Actor_AsinFC
1,@rahulsharma
1,@sridevisreedhar
1,@pinkvilla
1,@PeepingMoon
1,@behindwoods
15,@Nedujizzy1
1,@Odumaessan
1,@djkaywise
1,@phynofino
1,@falzthebahdguy
1,@OfficialNiniola
1,@djtunezblackout
1,@joeboyofficial
1,@Wale
2,@samsmith
1,@burna
2,@SympLySimi
1,@TeamSultan111
1,@EFYA_Nokturnal
1,@singhyuvraj_18
1,@sachingold17
1,@kohli_stark18
2,@Stan17Chandru
1,@Daniel86cruket
1,@RealDanielAlex1
2,@Noneofy61027038
1,@__ALAGAR__
1,@Akash_Cricket_
1,@impact_in_line
1,@CSKkafan
1,@Iam_scovic
1,@draupdi_mamta
1,@punam_swarnkar
1,@gcbwpodcast
1,@LalatMohanty3
2,@SainithinBandi
1,@srijitspeaketh
1,@SakalMediaNews
1,@Hgbrecords
1,@iamJeffSouth
1,@AlhajiSweetest5
1,@telegraph
2,@TwitterIndia
1,@FCGoaOfficial
1,@OdishaFC
1,@TNK11P
1,@Yuvi
1,@thalarasigan_ak
1,@blackissage
1,@rexxiepondabeat
2,@iammohbad_
1,@Dmw
1,@badboytimez
1,@starboyterii
1,@DjExlusive
1,@MsBanks
1,@BigOzed
2,@Virat_Official
1,@LiNkTaReum
2,@praisewithbose
1,@JoeMarleyy
2,@imolebrave
2,@IamBornStarPoka
1,@solydtheplug
1,@HillaryClinton
1,@BillClinton
3,@cricketnext
1,@Darren_Fewins
1,@Thala_Virat_18
1,@gujaratcricket
1,@sp_Indiacricket
1,@imnotVkohli
1,@VIRATIA15985322
1,@Viratian_Lokesh
1,@chahal
1,@MasalPrithviraj
1,@QingE81185936
1,@SarPeBeamer
1,@bigshow
1,@KKVHKM
1,@ShivAnantTayal
1,@BUZZ851
1,@ceozpraigarh
1,@Vaishnavi16190
1,@ImShivamJ
1,@kaul_avi
3,@ViratKohliFC
2,@ViratFanTeam
1,@virat_addicts
1,@ViratsPlanet
1,@SYahyaHussaini
2,@SHAK_VIRAT518
4,@RaviShastriOfc
2,@Social_Samosa
1,@cinemappayyan
1,@cinemapayyan
1,@LMKMovieManiac
1,@msuganth
1,@karthickkrishna
50,@VootSelect
51,@nikkitamboli
50,@rakhisawantt
1,@Guy_Fawkes_News
3,@RajalArora
15,@Paytm
1,@83thefilm
4,@prithinarayanan
1,@seithipunal
4,@HTSportsNews
1,@viratkohlimania
1,@dstavvv12
1,@IndiaCricket
1,@Gadgetmart9
1,@india
1,@708gin
1,@TelegraphSport
1,@kiran__96
2,@navarashtra
1,@BumbleCricket
1,@DavidLloydESPN
1,@MailSport
1,@YUGEEBAMIDELE
1,@STwiththesauce
1,@JaraSuniyee
1,@officialwodizy
1,@espncricinfo
1,@nestjson
2,@MyTeam_11
1,@madhulikulkarni
1,@sanskari_sahay
1,@sameer11varma
1,@DattaNilanjan
2,@TrendRCB
1,@STARCricketIN
1,@CricketNDTV
1,@CricketFacts3
1,@realTuckFrumper
2,@tylerperry
1,@BuzzPatterson
3,@NooreAvadh
1,@RageFanSocial
1,@RelianceEnt
2,@MHafeez22
3,@lahoreqalandars
1,@AbrarUlHaqPK
1,@Sophecc19
1,@FakharZamanLive
2,@NeilManthorp
2,@Harmy611
1,@OneCricketApp
1,@iamsom_15
1,@avk_jangid
1,@PChidambaram_IN
1,@mkstalin
1,@DrTamilisaiGuv
1,@maiamofficial
1,@arivalayam
1,@madan3
2,@IAmIndianHitler
1,@Thakur7Avi
12,@Diya_tweetz
1,@100MB
1,@smitaparikh2
1,@VAPikachugirl
1,@Dilraj418
1,@Gujju_Chhoro
2,@katecross16
1,@IamNikeejaaz
1,@stoolpresidente
1,@wallstreetbets
1,@wsbmod
1,@abkhansial666
3,@SteelyDan66
1,@Prasen_m4299
1,@BharatBkesh
1,@ObnoxiousBrat
2,@SahabShero
3,@ChangeofPace414
1,@Imrankhanworld
2,@Saj_PakPassion
1,@cricketupdatee_
1,@umarhafiz927
1,@Tweety_Sayss
1,@KushagrDixit
1,@NotDravid
2,@PTTVOnlineNews
1,@PTIofficial
3,@cariappa14
3,@mroller98
5,@IsbUnited
1,@mauryarty_
1,@mtagofficial_
1,@inshorts
1,@Titans_Cricket
1,@vatsal20
1,@UGmanofficial
3,@SaintRampalJiM
1,@GeneralIBD
1,@SimoAustin
1,@lilkeshofficial
1,@LynxBerry3
1,@alhajitekno
1,@iam_KingBrizzY
1,@flower_posts
1,@RanveerSingh_FC
1,@hardikpandyafc7
1,@BoredCricket
1,@finnysteve
3,@MRFWorldwide
1,@nitinparmar2922
1,@neophyte420
1,@MemesWale_
2,@Manani_vato
2,@mat_jane_de_yar
1,@Sidnaaz75364937
1,@Anuj_Singh34
1,@Mohan_HJS
1,@Asthakaushik05
1,@Lawyer_Kalpana
4,@KapilMishra_IND
2,@WaninduH
1,@jaffnalpl
1,@___aryan___
1,@redchilliesent
1,@redchillies
1,@mysore
1,@mandeeppunia1
1,@izzywestbury
2,@BCCIWomen
1,@Onlydesi
2,@Swamy39
1,@lokenchand
1,@Sadiksha_karki_
1,@MuttiahMurali
2,@ZeePunjabHH
2,@WaqarAli_20_
1,@hellovizag
1,@MishiAmit
5,@Being_Saiyaara
3,@DJBravo47
1,@DBhaskarHindi
1,@imvaibhav
1,@ImRavi27
1,@AnujPandey2
1,@cricketnmore
1,@_sam_tweetz
1,@DailyUttamHindu
3,@krish_patel37
1,@priti_0612
2,@scroll_in
1,@SyyedSuhail
2,@nikhil8483
1,@Mathan28560075
1,@ajithAKthala
1,@iKaurRimmi
2,@jalajsaxena33
1,@Tanmoycv01
6,@PeshawarZalmi
1,@JAfridi10
4,@ArvindKejriwal
1,@dilipjoshie
1,@TMKOC_NTF
1,@AsitKumarrModi
1,@priyankagandhi
1,@imsachinA25
3,@Bhavna__B
1,@ravi_bishnoi9
1,@ErSehara
1,@DilkhushBhedoli
2,@Khushi9595
1,@Dmeena_17
1,@Meghwanshi8319D
1,@RaviSha61295214
1,@iamBundel
1,@queen_priya_
1,@SantoshMeena_
1,@mildly_classic
1,@Induba744744
1,@YogeshM39
1,@SinghArayana
1,@RaviBishnoi6476
4,@ryandesa_07
1,@RamHolkar
3,@Profdilipmandal
1,@Chunni_lal_sahu
1,@SirRavishFC
1,@ICCMediaComms
1,@RCBianForever
2,@chetannarula
1,@saxenafida
1,@TenNewsDotIn
1,@tennewslive
1,@vijaychowk
1,@noida_news_info
1,@parichowkdotcom
10,@Lbalaji55
1,@dahiyamandeep18
1,@rjraunac
1,@kaushik_cb
1,@eNewsBharati
1,@retheeshraj10
1,@DhinchakPooja
1,@JAY20239110
1,@ImUmeshJi
1,@Jayanti97178025
1,@SarcasticGuyyy
1,@Shubhu_1080
3,@RkRcb
1,@NASAPersevere
3,@LambaAlka
1,@DrPalakVermaINC
1,@Khushboosayys
1,@akankshaolaINC
1,@ShakuntalaSahu0
1,@DrArchanaINC
1,@MimrotReena
1,@KumariRukshmani
1,@PriyaJoshi_PJ
1,@kaju_INC
1,@neha_ziddi1
1,@NehaBhagat_jk
1,@AmanBJaiswal
1,@kanak_Vj
3,@ipl2020feed
1,@JyheRichardson
1,@FantasyCricke12
1,@_prashantkadam
3,@wasimakramlive
2,@GetNewsd
1,@iplT20
1,@BJP4UK
4,@News18India
1,@RajasthaniTweet
1,@NARENDR20249946
1,@ChauahanRakesh
1,@RonT40140617
1,@ZeeNewsEnglish
1,@ACJIndia
2,@RDSampson_25
2,@rhqg49bZSf4mK63
1,@KCAcricket
1,@rukminiprakashn
1,@chandra92mohan
1,@vivekroy1611
1,@ravikumarkarn
2,@lynny50
1,@risingbdnews
1,@ReutersIndia
2,@webkhabristan
2,@DelhiCapitalsTN
1,@AshrafFem
1,@shanu_sab
2,@007AliSohrab
1,@shadab_chouhan1
1,@Team_Kisan
1,@Tee3point142
1,@OpIndia_com
1,@rajeev_mp
1,@vivekagnihotri
2,@chrismorris
1,@thatPunekar
1,@vroofamily
1,@moonstar4u
1,@GaneshMala
1,@bijoyaghosh_
5,@IndiaSports
1,@jairamthakurbjp
3,@umashankarsingh
1,@genxsoftinfo
1,@TheOfficialSBI
1,@Venkatesharitas
1,@TelfordVice
2,@C4CRICVENKATESH
1,@StarSportsTami2
1,@cskstuff
2,@IPiyushChawla
3,@CSKingsIPL
1,@ngcobo_Cpho
1,@smeet_prajapati
1,@Hari_NishanthC
7,@SAAdvantage
1,@prasanthreddyd
2,@ppbajpai
1,@runcaralisarun
1,@ayeshasood
1,@AkbaruddinIndia
2,@NavbharatTimes
1,@chennaisuprking
4,@Haritjoshi
1,@subodhmayure
2,@rahulk_1019
1,@theimmatureboy
1,@bbctamil
1,@thekaipullai
1,@csbhakuni
1,@darshanpathak
1,@mysticsrishti
1,@KS58526
1,@Manasi71
1,@NaveenK84455485
1,@Dev2292
1,@ajeebkumar29
1,@Ramesh_Fagna1
2,@OmprakashRLP
1,@Vikassmohta
1,@UgarsainBishn11
2,@GCharakada
1,@RahulRawat9
1,@ConcussionSub
2,@PereraThisara
1,@Son_of_shahrukh
1,@AryanKhanFC1
1,@PiNetworkMarket
1,@startupindia
1,@iamGurooot
2,@its_MsdKutty
2,@mangeshkarlata
4,@Puneite_
3,@RPSupergiants
1,@MyFab11Official
3,@tctv1offl
1,@RohitArmy_TN
1,@Intrepid_SK
1,@Rohitkumarojha9
2,@30guptavivek
1,@bhawana_subedi
1,@MaheshNBhatt
2,@BrokenCricket
1,@anandpandey72
1,@pnarahari
1,@sardanarohit
1,@MukeshSharmaMLA
1,@IPSinghSp
2,@therealkapildev
2,@abhisar_sharma
1,@kscablr
1,@KSCA_Officiall
1,@KarnatakaCrickt
1,@nanuramu
1,@prajavani
1,@KannadaPrabha
1,@Vijaykarnataka
1,@VVani4U
4,@DeccanHerald
1,@cinnamon_juice_
1,@zeerajasthan_
1,@BhadanaRohitash
1,@RRB3141
1,@ArjunTendukar
2,@mayankcricket
1,@Moises
1,@imDeepakHooda
1,@arshdeepsinghh
1,@ravibishnoi2900
2,@venkatatweets
1,@imro45_fansclub
3,@ShayanAcharya
1,@K__Jamieson
1,@ImRTripathi
2,@NitishRana_27
5,@patcummins30
1,@ShivamMavi23
1,@chakaravarthy29
1,@iam_DrAjju
1,@imRohit_IND
2,@bhoootkaaal
2,@RaJisthaNIPL
2,@vinsinners
3,@rdchahar1
1,@anandvasu
1,@ritesh1vns
1,@Cric_Writer
1,@MCCOfficial
1,@deepak_samal93
6,@ScorchersBBL
2,@FrRonconi
1,@chboursin
2,@mvollmer1
1,@baski_LA
1,@WSWMUC
2,@kalydeoo
2,@PawlowskiMario
2,@MargaretSiegien
1,@CurieuxExplorer
1,@segundoatdell
1,@labordeolivier
2,@Hana_ElSayyed
2,@Dahl_Consult
1,@HamdanMohammed
1,@RickRoss
1,@robertherjavec
1,@theRealKiyosaki
1,@DominicWiffin
1,@fullyarbit
1,@XHNews
3,@ClickFeeds
1,@burn
1,@TarakTwittz
1,@TejYadav14
1,@Nicochan33
1,@DigitalTrends
1,@pierrecappelli
1,@DeepLearn007
1,@ravidugh
1,@RitupaGhosh
2,@enricomolinari
1,@Ym78200
1,@ShiCooks
1,@pascal_bornet
1,@realitylabs
1,@sebbourguignon
1,@KirkDBorne
1,@Paula_Piccard
1,@EvanKirstel
1,@HeinzVHoenen
1,@HaroldSinnott
1,@SpirosMargaris
1,@HarbRimah
1,@hganjoo153
1,@Thedailybeatpk
2,@saucricket
1,@FM91_official
1,@mainlycricket
1,@jangidyodha
1,@SubhraS30459555
1,@RitabrataBanerj
1,@jejakiki
1,@swedishnomad
1,@Tourism_AP
1,@ncbn
35,@AndhraPradeshCM
1,@Hdukiee
1,@deantetanusshot
3,@benjonescricket
1,@Vijaykarthikeyn
1,@Tushar_Raut_
1,@GarimaSampath
1,@ranga_swamy
1,@grharsh
1,@jayshah
1,@TribalArmy
1,@HarmzMajestic
1,@thekiranbedi
1,@realDonaldTrump
1,@jessixa_singh
1,@Russia
2,@ITGDsports
1,@sooriofficial
1,@Atulmeena_
1,@ashishnehra1
1,@nowme_datta
1,@just_puru
4,@OfficialSLC
5,@rahultewatia02
1,@cricketjsca
1,@IEmemobong
1,@MrUdomEmmanuel
1,@aksgovt
1,@AKSMOIST
2,@irbishi
1,@only_matey
1,@satyasanket
2,@sunandanlele
1,@joshhazelwood38
1,@IamChulakshi
1,@chulakshi
1,@BabuDas95767946
1,@nisarg1999
3,@shamik100
2,@premierleague
3,@SportsTodayofc
1,@MrSinha_
1,@loosebool
1,@TheBarmyArmy
1,@msd
1,@DeepakchaharC
1,@DhimanHT
1,@starboyorlando
1,@woyaalepapa
1,@validnii__
3,@vfx_redchillies
1,@dhoni
1,@rkmrasesh
1,@Sagarszn
1,@imabhi_bhatt
1,@InsideEdgeCrick
1,@UMPIERS
1,@SauravK53402211
1,@TheWilsonCenter
2,@BBCWorld
1,@newslaundry
1,@DemocracyIntl
2,@hrw
1,@exposed82504739
1,@CricketHuddle
1,@pujara111
1,@ferrarinotfiat
1,@ParasuramPetla
1,@9
1,@ArjunTendulkar
1,@rahulw_
3,@yadavakhilesh
2,@India0055
1,@cauhsensei
1,@StarsBBL
1,@imNaveenchary
1,@itsmekalepu
1,@vinodkbjp
2,@bestfiverrdeal
1,@Madan1242
1,@Gudia__talk
2,@unsold
1,@keshavcric
2,@MarkHoward03
3,@AliZafarsays
1,@TouseefAkram96
2,@Satyagarzna
2,@alokntyl
2,@Mohit47719158
1,@MSilentSavior
1,@draramadoss
1,@iVijayakant
2,@Arjun
1,@stirlo90
1,@tweetsrihari
1,@NaanumEngineer
1,@1_plate_biryani
1,@DaudKhan3283
1,@AIMIMZuberMemon
1,@Appu_092
1,@zaidisyeda14
1,@YameenSalmani
1,@naushadshallu
2,@PathakRidhima
1,@Imakki59
1,@jain_nikhil01
1,@parimmalksinha
1,@Pawankhera
1,@SupriyaShrinate
2,@ParagRiyan
4,@ShreyasGopal19
2,@tyagiktk
1,@blulzinhoo
1,@chetna94352811
1,@martin_josephp
1,@NewIndianXpress
1,@Prince68616512
4,@vijaysalvi9
1,@FourOverthrows
1,@NeecheSeTopper
1,@JMccaghrey
1,@taeguccikth
2,@BJP4Bengal
1,@Zaved_1985
1,@BaahubaliMovie
1,@CowCorner183
1,@memenist_
1,@CarryMinati
2,@bsesdelhi
1,@raghav_chadha
1,@AamAadmiParty
1,@zaynsaifi21
1,@Austarlia
1,@Iamrealakanksha
1,@Rautparody61
1,@BeingAryan0
2,@oldschoolmonk
2,@SamBillings
2,@vijaylokapally
1,@ragmystery
1,@imsri05
1,@VivekSarathy31
1,@IemapA
1,@AUGUST8881501
1,@aIemap
1,@tarabyte_rbx
1,@YellowHeadRBX
1,@KraccBacc
1,@super6plx
1,@manojPardhan88
1,@93Rajsirohi
1,@TheRakeshVC
4,@Sunrisers
1,@DadhaniyaJit
2,@ipskabra
1,@seriousfunnyguy
3,@sakshijoshii
1,@IExpressSports
4,@KusalJPerera
5,@SaluteCotterell
1,@timwig
1,@telecricket
1,@FinancialXpress
3,@ManojTiwariMP
1,@Ipl
2,@tipo_morris
3,@TajinderBagga
1,@ajitanjum
1,@fayedsouza
1,@TanviSh64656206
1,@ZeelShaah
1,@Oye_Sinha
3,@SAfridiOfficial
5,@1tip1hand
1,@SaiyamiKher
1,@abihall_
1,@Nidhi
1,@jacabputnam
1,@upcopsachin
1,@vishwendrach
1,@IndianCopAshish
1,@TamannaInamdar
1,@DrAshwani_Kumar
1,@geetv79
1,@sreenshri
1,@SpeaksNarada
1,@MeghUpdates
1,@raniroyrocky
1,@annodomin1
1,@Hota_Saheb
1,@IdlySambhar
1,@shekharraaz1992
1,@ianskhabar
1,@ians_india
1,@GPA46
2,@RubikaLiyaquat
1,@AmitShahOffice
1,@G33kBoyRavi
3,@CNNnews18
1,@ravibdwivedi_ST
1,@HemaniBhandari
1,@IrsAman
1,@lakshay_cop
1,@Sub_insp_Aman
1,@parul_irs
1,@chin80
1,@absolutesatya
1,@paurushsh
1,@AITCofficial
1,@manishsonibjp
1,@UpadhyayTolaram
1,@VinoBhojak
1,@jaswant_33
1,@E_SquaredKE
2,@iamRashmika
1,@shayari
1,@iAmitBhadana
1,@aalakx
1,@MayantiLanger_B
1,@andileluck19
34,@SoodFoundation
32,@PawanKalyan
31,@TataMemorial
34,@OncoDotCom
31,@cspramesh
31,@CancerGridIndia
31,@KTRTRS
2,@SumedhhBilgi
2,@sharechatapp
1,@Nithish_Twitz
3,@SameerUpreti3
1,@MClarke23
3,@thug1one
1,@AFG_Sports
3,@imnaveenulhaq
3,@RGurbaz_21
1,@KamalRa19548872
1,@Abhishe68644396
1,@NathanCoulter
1,@NickilChopraa
1,@yashasvi_j
2,@MykhelKannada
1,@incredibleindia
1,@GreaterKashmir
1,@JmuKmrPolice
1,@IPL2021Official
1,@AllanLamb294
1,@kavya_c_
1,@randysatha
1,@vajhullah
1,@Attitude_Sayeed
2,@makemytrip
1,@EndlessMishra51
1,@Nrawal15
1,@Warewikeshire
1,@SanjanaGanesan
1,@desimojito
1,@DseDevdas
1,@avndec31
1,@gunnerinjal
1,@actor_jayamravi
1,@imbanerji
1,@Dib_Mekap
1,@Cheers__babes
2,@kidczor
1,@ameetn21
1,@ResearchGate
1,@MultanSultans
1,@gcuniversitylhr
1,@addiekmr123
1,@ZainAbb29309584
1,@GlobaliconicRec
1,@tonefiber
1,@HonaCostello
1,@ParhlOo_Rehman
1,@huria_syed11
1,@awaissaslam
1,@JaswanthJaswan1
1,@Ha_ph_ca
5,@KKriders
2,@reliancejio
1,@LoversMemas
1,@SalmanViratFan1
1,@Half_Fri
1,@Devil_may__cry
1,@Mr_VickyVignesh
1,@hereweg0_again
1,@RajsthanRoyal
1,@SakshatManocha
1,@Jay99135557
1,@Kaviya_10
1,@cfcngata
1,@darsh1t
1,@AIADMKOfficial
1,@EPSTamilNadu
1,@OfficeOfOPS
1,@RamaAIADMK
3,@cricketnews_com
2,@scentofnatur
1,@bsk5496
1,@SirPareshRawal
1,@JackieSierra05
1,@wrgenao
1,@Jeewajessie
1,@leicsccc
1,@SeanMJarvis
1,@Paulnico199
1,@Tim32_cricket
1,@realpz
1,@cricketgyani_an
1,@KentCricket
1,@SportsCentre4u
1,@Amine_000
1,@MirzaSania
1,@LadyVelvet_HFQ
1,@GeoffreyBoycott
1,@mrsomiiii
1,@SanjanaAswani
5,@kishoreofficial
1,@BillgatesBillu
1,@Cricket_Mann
1,@CricketersTrust
1,@venkyQM
3,@Rassie72
1,@SRH
1,@ZaraNaeemDar
1,@BelleDellphine
1,@NikhilSRMania
1,@sreereads
1,@NBT_Sports
2,@HardeepBhuria
1,@samiraclose
1,@harish_staycalm
1,@FabienAllen
2,@lancscricket
1,@its_Prateek24
1,@vishalkofficial
2,@THEOFFICIALB4U
1,@baraju_SuperHit
1,@thisisysr
1,@ReginaCassandra
1,@balasubramaniem
1,@sraddathapa
1,@DevaramGopinath
1,@evabiankaz
1,@udit0201
2,@BigNonVeganDave
1,@1Walid1
1,@CUMBERLANDCCC1
1,@imPnarodiya
1,@SmitHapani
1,@srinimama
1,@Sanjhay_san
1,@mosharrafzaidi
1,@mohsinrz
1,@Razarumi
1,@JewelryQm
1,@RLDparty
1,@jayantrld
2,@sushant_says
1,@crickkeeda
1,@kaziszymanski
1,@GlamCricket
1,@swpcl
1,@SWCA_Official
3,@KrisSrikkanth
1,@InnoBystander
1,@cuppymusic
1,@instablog9ja
1,@DailyPostNGR
2,@JamesStanly
2,@ItsJokker
1,@XavierThuglife
4,@ThePeevedIndian
1,@siasatpk
1,@RSMROHIT5271
1,@Vikashy58130869
1,@ktariqahmad
1,@ukMuslimyouth
1,@ahmadiyyamalta
1,@muslimsforpeace
1,@rahehuda_mta
1,@SBM_4007
1,@sachinupadhyay_
3,@lockandstockapp
1,@visilsCSK
2,@jpduminy21
1,@tarun_0707
1,@Chandu_mysore
1,@prashant_kol
1,@JagranEnglish
2,@fiverr
1,@therealfstl1992
4,@vincey14
4,@promofiverrgigs
1,@Itz_Me_Yoga
3,@abcsport
1,@SkySports
4,@Sdoull
1,@GMexwell
1,@RicardoClaureP
1,@yadavakhiles143
1,@prabhat57787991
1,@Dr_Uditraj
1,@vinaymishra_aap
1,@RamanDhaka
1,@ARajesh_SP
1,@ShahNawazKhanMM
1,@kenkletel
1,@profamishra
1,@drkafeelkhan
1,@AbbasAliRushdi
1,@TraiIndia
1,@vodafoneIN_Fdtn
1,@VodafoneUK
1,@VodafoneGroup
1,@VodafoneAU
1,@AdityaBirlaGrp
1,@AdityaBirlaThai
1,@anuragspparty
1,@Drrehmani
1,@RTiwariOfficial
1,@MyFreeCams
1,@Shants_Cool
1,@PZ_Fandom
1,@Karolconka
1,@Projota
1,@LumenaAleluia
1,@MohammadHaish
1,@itsKabiRx7
1,@CardiffMCCU
2,@hvgoenka
1,@HumorouslyVipul
1,@TheHBLPSL
1,@Psychadelic37
1,@cricinfowickets
2,@Valimai_TheFilm
1,@thalaaravinth43
1,@AjithFcKerala
1,@Laura98577080
1,@Almanz_art
3,@KyleJamieson
1,@mozzie21
3,@SixersBBL
1,@VarunAaron
1,@DrRicky0203
2,@ajarrodkimber
3,@CricViz
1,@moiseshennrique
1,@makeinindia
1,@MSDESkillIndia
5,@VOT24x7
1,@aucklandcricket
1,@pgcilindia
1,@MinOfPower
2,@BiginfoI
1,@sandeep_kuppili
1,@roylucier
1,@gurkeeratmann22
1,@AfroRave
1,@_holyswagger
1,@unilagfm_1031
1,@SanjuSabu16
1,@Mshanthoshkuma1
1,@FirdoseM
1,@ShivaniGupta_5
1,@PhilisiweMhlon9
1,@simmymusicsa
1,@sunelmusicianza
1,@amifaku
1,@Msaki_ZA
1,@thandiswamazwai
1,@Cambattamusic
1,@ZonkeMusic
1,@azanamusic
1,@oshuniverse
1,@Sampa_The_Great
1,@rapsody
1,@sarocthemc
1,@rhymesayers
1,@Iamshubhamkambl
1,@SRKs_Ravan
1,@MaxxAryan_79
1,@FcMutuals
2,@deep_extracover
2,@jack
1,@SudarshanNewsTV
1,@SureshChavhanke
1,@pipswin
1,@chenniaipl
1,@pickleRiccckk
1,@pugazh_iam
1,@ManojMujra
1,@timdavid8
1,@Vivo
1,@e4mtweets
1,@bucksccc
1,@TheWizard31
1,@coreyanderson78
1,@albin_ron_
1,@NobleSanthoshK
1,@CirilSaju
1,@Ladu_Soni
1,@prabhathrc
1,@forpspk2
1,@Raj_purs
1,@UNHumanRights
1,@UN
1,@ICJ_Asia
1,@ICJ_org
1,@IntlCrimCourt
1,@TheJusticeDept
1,@GlobalGoalsUN
1,@Pankhi90
1,@MamidiManish
1,@sachin_baby
1,@SirishaPrinces
1,@rais_shk
1,@Rajput_Ramesh
1,@SalmanNizami_
1,@VishalDadlani
1,@bhupendrachaube
1,@PriyankKharge
1,@HeySunilGupta
1,@bstvlive
1,@unnaopolice
1,@doddaganesha
1,@ChirsMorris
1,@Horoscopic12
1,@DrKumarVishwas
1,@UttarakhandAct1
1,@devboomi
1,@UTDBofficial
1,@NAVCHETNA_UK
1,@BheemSinghRaw10
1,@Sobiftygairola
1,@1UKwithYou
1,@ukwalididi
1,@GarvitPant5
1,@i_am_ravish
1,@the_rosoda
1,@ranstha7
1,@UnSubtleDesi
1,@rajasthanroyalz
3,@Comedy_Praveen
1,@TectraL
1,@KajalSh03739499
1,@ayushgupta8821
1,@VarunNarendar
1,@SunrisersIPL
1,@OBhulekh
1,@VrindaShukla_
1,@OfficialGNIDA
1,@CeoNoida
1,@noida_authority
2,@Udaykumar5874
1,@vijayanpinarayi
1,@tweets_24x7
1,@DaKingInDaNorff
1,@Amul_Coop
2,@kumarmanoj013
1,@Vkay_ix
1,@abhi_rocks1004
1,@bilaljaleel_
2,@SunilRc_
1,@Srikanth4Bharat
1,@Devendrameena0
1,@MoharMeena7
2,@ChennaiSuperKings
1,@OmprakashRLP_
1,@Dinesh_JAT__
1,@VikasRLYM
1,@shrawankumar5
1,@LAXMANRAMKALA1
1,@RaviT__JaaT
1,@BhanwarjanduRlp
1,@jcb_rlp
1,@KushalSou
1,@Vinayak4rPK
1,@Viniii112
1,@Delhiiite_
1,@oppo
1,@oppomobileindia
1,@OPPOCareIN
1,@PriaINC
1,@SpiritOfCongres
1,@cricbaroda
1,@Manas97057842
4,@sourabhsanyal
1,@SkymetWeather
1,@Hosalikar_KS
1,@PuneriSpeaks
1,@beingarun28
1,@dineshbjp09
1,@babykumaribjp
1,@nibraz88cricket
1,@prathishapratap
1,@SSTweeps
1,@itzabiiz
1,@44rajpoot
2,@pragyanojha
1,@mithaun
1,@hubballi_meme
1,@syedaliimran
1,@robkey612
1,@skycricket
1,@commboxkid
2,@DhivCM
2,@aaliaaaliya
2,@ArfaSays_
2,@Shoaib_Jatt
2,@GhaffarDawnNews
13,@thefield_in
1,@TheFlopKhiladi_
2,@journo_sandeep
1,@flighted_leggie
1,@MSDhonifansclub
2,@adilrashid198
1,@Nihilistik_
1,@DhonifiedRebel
1,@aiyazahmed08
1,@AdityaMb_4005
1,@Vidyadhar__R
1,@BtwitsMehak
1,@1sInto2s
1,@HaramiParindey
1,@Chennaiipl
1,@iKryptonian_
1,@JeremyClarkson
1,@PunjabKingsIP
1,@duvidhaa
1,@Srishti0210
1,@miissviolet
1,@cricgyanjunoon
1,@sabchangaasee
1,@memesmaadonu
1,@pratibhamulewa
1,@thoatta
1,@azizkavish
1,@gurdeepiyc
2,@IYC
2,@INCPunjab
1,@TNPremierLeague
1,@TheSwatFlick
1,@nkw
1,@diyo
1,@r
1,@Aayush96117407
1,@DiscAmit
1,@RealSheetal
1,@mjdawar
1,@Manzoorpashtee1
1,@Toyota_India
1,@Toyota
1,@Khwaja05
1,@Y_Umesh
3,@UKLabour
3,@Keir_Starmer
1,@k
3,@Gypsy_offl
1,@IPLT20_TezLive
1,@mandeep_wasu
1,@khanfaiyaz
1,@PoonamLohiaAap
1,@jugnuit
1,@smvdsbkatra
1,@Bhairavinachiya
1,@shaziyaaM
1,@140
2,@mandeeps12
1,@CViews2020
1,@Hitwicket7
1,@imjsk27
1,@Destinybetpro1
1,@ambrose_curtly
1,@pbhushan1
3,@DDNewsHindi
1,@OfficialProteas
1,@colinbryden1
1,@SachinBaby
1,@msjoha8
1,@Qariowaisazmi
1,@dgpup
2,@OnlyFansGains
2,@FUQ_U_THOUGHTZ
2,@nadssab
2,@AssemSweidan
2,@bananahaje
2,@stayspedia_id
1,@KapseLoukik
1,@TanmaySingh08
1,@chilledmojito
1,@Tantalizing_Tar
1,@Moeenali
1,@OfficialBKU
1,@Bees_Kut
1,@utkarshawasthii
1,@Bkuektaugrahan
1,@samtanisonali1
1,@suggest2u
1,@AnushaDhoni7
1,@Pokiri_Tweetz
1,@captain_reddy
1,@RiverFiree
3,@mintyjasmin
1,@2
1,@DaudHKhan_
1,@KuchBhiMehta
1,@pC
1,@DelhiSpurs
1,@rsprasad
1,@simpleharish
1,@kalpesh_ashar
2,@VipinKirad
1,@thenewsroom8
1,@TridibIANS
1,@TBChronicle
1,@bowlologist
1,@thesakala
1,@anandmahindra
1,@theDcricket
1,@editedidea
1,@tea20news
1,@GreenwoodNo11
1,@Eddieveluprabha
1,@imro45
1,@coulter_nile
1,@sreshthx
1,@DChaurasia2312
1,@SushantBSinha
1,@SportNext
1,@shr3hs
1,@ddsportschannel
2,@PunjabKingsIPLfor
1,@iHitman55
1,@FedererFan56
1,@GCgios
1,@babarissm
1,@Sulthanalaudin
1,@pin_cash
1,@Cricket05071183
1,@TweetsMani14
1,@latasrinivasan
1,@Chandu_264
1,@BBCHindi
1,@ThunderBBL
1,@AdamZampa13
1,@NavbharatGold
1,@alfonslopeztena
2,@thysubham
2,@success11wb
1,@sarelenuvellu
1,@jphillips
1,@killer4urlove_
1,@HeartworkSlays
4,@eyeaimmujju
1,@rajini712dhoni
1,@GeorgekurianINC
1,@FloydMayweather
1,@Jayasimha__
1,@technicaljasraj
1,@itsharshsinha
1,@kavishala
1,@Apple
1,@ShireenRohit45
1,@1
1,@davidmalan
2,@CliffAndChill
1,@ebonotto
1,@ouemputecida
1,@anilpricha
1,@cricketmanwales
1,@CJCFResearch
1,@StephenHedges7
1,@StoneDunk
1,@Fire_and_Skill
2,@alanwilkins22
1,@trislavalette
1,@mplb
1,@saminaUFshaikh
2,@Rkaadhf1
1,@stevesmithffx
1,@PrithviShaw
1,@SHetmyer
1,@TheVisualized
1,@TelkomZA
1,@ByesCric
1,@tyIerdurdns
1,@MatehusMiguel
1,@goelgauravbjp
1,@eusouvinino
2,@unseenvalue
1,@Pradhyoth1
1,@RSSorg
1,@KunalSarangi
1,@NATIONALNEWSDM
2,@TwitterSports
1,@ravimaestri
1,@iam_tamil45
2,@MarkandeMayank
2,@Madan_Chikna
1,@soumyajitt
1,@Aksin_sin
1,@RCBTweet
1,@aj191
1,@MahipalLomror
10,@Sayyad_Babavali
2,@PoppingSt
1,@rajastanroyals
1,@LoyalMIfan
1,@KChiruTweets
1,@hemanthrko
1,@keerthivasan_bk
2,@satyagodara
1,@dehlicapitals
1,@Chrismo
1,@OrangeArmyPune
1,@UmarAli91767526
1,@chrismoriss
1,@wanderer_8
1,@Delhi_Capitals
1,@Mcutekhan
1,@BawariyaKumar2
1,@howlingwolf8421
1,@Shrutika_45_
1,@ToThePoint_News
1,@pooja2738
1,@adhirrcinc
1,@NotMK45
1,@Bhanoji10
1,@CPL
1,@raghuch16467
1,@NaeemahBenjamin
1,@LWOSVarun
1,@_C_H_A_R_M_I
1,@madurakaranda2
1,@absolutebbq
1,@thetanmay
1,@RandomVarun
1,@sidudeja
2,@hantscricket
1,@ShrrinG
4,@abpmajhatv
1,@DonaldJTrumpJr
1,@JavierBlas
1,@chrisbrown
1,@Drake
1,@ladygaga
1,@NickiOnChart
1,@Sashank_JSP
1,@Peace25666743
2,@AppeFizzz
4,@UpendrraRai
4,@editorbhupesh
1,@srinimamaa16
2,@itsme_balz
12,@diljitdosanjh
1,@trendingwheel
1,@iamamirofficial
1,@kanhaiyakumar
1,@samfucknows
1,@myRCB_fanclub
1,@satyagandu
1,@rus_vala
4,@wecricket_
1,@sriniramadurai
1,@sanjaysub
1,@im_vichare
1,@pulchar_papanna
1,@RJVV55
1,@piersmorgan
1,@rj4aadi
1,@RodneyGibson7
1,@Sakibalhasan100
1,@SteveSmith49
1,@RAHULSINH718
3,@alter_jamie
1,@GavRobbo375
1,@sumitkbehal
1,@kakakuk43296411
1,@VirattKohli18
1,@BumrahVikas
1,@RohanSatpati
1,@JBumrahFC
1,@saymy_naim
1,@OleTrain
1,@UtdApollo
2,@BourbonMahesh
1,@GerardWhateley
1,@Pateliii
1,@RaviSinghKA
1,@KisanEktaMarch
1,@punja
1,@miller_cricket
1,@Deva_ICL
1,@SamStains1
1,@glennmaxx
1,@Navaneeth_14
1,@pav33888
2,@weRcricket
1,@ashwinskumar
1,@NithinAADHfan
1,@bharath1
3,@NSachetee
1,@Bibhu237
2,@robin_rounder
1,@me_PJK_7
1,@fan_bumrah
1,@UmaBej93
1,@sirbumrah
1,@Vivo_Indiav
1,@rajnatuu
1,@shub_tweets
1,@mahela27
1,@Ak_TheDhfm
1,@indian_stockss
1,@FPOnTheDL
1,@biscuit_rotti
1,@KLaassyGajal
1,@svsweb
1,@FOXSportsAUS
1,@GlennMax1
1,@Tazeen_11
1,@niharika_raina
1,@ThatGuyJSR
1,@12
1,@indrajithIn
1,@borntoocricket
1,@UrsRagava
1,@scottbstyris
1,@Techxdroid2
1,@ChatilPandi
1,@CrickPotato
1,@filmimonks
1,@DisneyplusHSP
1,@SoonaaPaanaa
1,@realkez
1,@airindiain
1,@LOLendraSingh
1,@greatbong
1,@devdanmitra
1,@pushan2301
1,@SpeaksSudipto
1,@ttindia
1,@Sportradar
1,@AbhinavKarthikk
1,@bhav2406
2,@evinlewis2
1,@thatsTamil
2,@ramya30380
1,@foreversleepy5
1,@ImJia29
1,@DelhiCapitals11
1,@mr_v_tweets
1,@CaptSunderChand
1,@TheCricketPod
1,@infinity_insaan
1,@Briancohen0
1,@kuran
2,@sparklingtutu17
1,@Kerala_Trends_
1,@lilly8004
1,@VRFridayMatinee
1,@brijeshpatel
1,@shakibdh
1,@guerillacricket
1,@tobytarrant
1,@mayankglt
1,@imAmithun_264
1,@slightlyTall
1,@TheCricketPanda
1,@Crix_TV
1,@IPLS
1,@ITCHotels
1,@urstrulymahesh
1,@BiharibandaAS
1,@mumbai
1,@RajarshiGupta_8
1,@MaheshFanTrends
2,@TrendingVirat
1,@MBofficialTeam
1,@NeelPatel189
1,@YTCreatorsIndia
1,@AlanTudgeMP
1,@ausgov
1,@AnnastaciaMP
1,@DanielAndrewsMP
1,@JulianHillMP
1,@ActressHQGIF
1,@ETVBharatOD
1,@danjadz_
1,@Randhawa36_
1,@olympicchannel
1,@YouTubeIndia
1,@YTAdvertisers
1,@YouTubeCreators
1,@youtubemusic
1,@allarinaresh
1,@ETCBollywood
1,@bollybubble
1,@YouthIndia_FDN
1,@NandighoshaTV
1,@namastegodindia
1,@maskachaska18
1,@MyraJohnsin
1,@johnwright15
1,@sanjeevmediaNBT
1,@AnnieChave
1,@florinpop1705
1,@Hashimk70309683
1,@iashish_yadav
1,@ashwath_connect
1,@Zeus66sport
1,@captain45silu
1,@mervyrozario
2,@wvraman
2,@mataonline
3,@FantasycricPro
2,@ShyantanuC
1,@ScottSattler13
1,@Jason06083
1,@chintubhanu
2,@pratapYevadu
2,@naniboss27
2,@arunbethini
2,@smartjohnny222
1,@sidharth_shukla
1,@i_shanmuk
2,@rajbirhundal1
1,@PoliceTimesnews
1,@KauCorner
1,@SerpentLeo
1,@uditssports
1,@iamguptavg
1,@EdinerXtweets
1,@BallerMohit
1,@wiwekup
1,@IPLFANS12
3,@ChennaiSuperK10
1,@ChennaiCityFC
1,@IGNProLeague
2,@ChoudriManjesh
2,@adityatiptur
2,@AbhilashSJ11
1,@ritssajdeh
1,@urmilpatel30
2,@HanuNews
1,@PrasadVKathe
1,@mishra_sanu
1,@AkashR52
1,@DesiThekedaar
1,@CricketHolicPK
1,@iamzahid23
1,@RaoJaan090909
1,@SonySportsIndia
1,@imranparrot
1,@ClassyBabarAzam
1,@faisimalik1
1,@BajwaKehtaHaii
1,@_Taha_khan1_
1,@AustralianOpen
1,@serenawilliams
1,@darlingkrishnaa
1,@MilanaNagaraj
1,@UbaidAwan
1,@faizanlakhani
1,@rummanraees15
1,@PhilSalt1
1,@rohailnazir9
1,@IftiAhmed221
1,@T20WorldCup
1,@DesiStupides
1,@rashtrapatibhvn
1,@CMOMaharashtra
1,@PawarSpeaks
1,@amolmuzumdar11
2,@dirlingusamy
2,@SS_Screens
2,@ramsayz
2,@Mohanlal
1,@MyIndianBank
2,@ChouhanShivraj
2,@drnarottammisra
1,@imrobindra
1,@ShaneBond27
1,@Dheeraj26363160
1,@krishna__offl
2,@PrabhasRaju
2,@hegdepooja
2,@UV_Creations
1,@nischitbejgaon
1,@ashu_0201
1,@tanitiwari16
1,@IPLAuctions
1,@imvharsh12
2,@PremVardhan18
1,@cricketpakcompk
1,@saleemkhaliq
1,@PunjabCentral
2,@76Shadabkhan
1,@Nawaiwaqt_
1,@iShaheenAfridi
2,@RealHa55an
2,@AasifAli2018
1,@iFaheemAshraf
1,@pravin__amre
1,@Cricerz
1,@JuggunKazim
3,@kpl_20
1,@marifmalik
1,@UsmanKh30471724
1,@yupptv
1,@idesibanda
1,@seemamaurya07
1,@Vish_Shanbhag
2,@manoj_94
2,@ShreyasP_10
2,@imShivrajJadhav
2,@imLomesh
1,@MSKPrasad16
1,@galattadotcom
1,@Vamsivardhan_
1,@IMinakshiJoshi
1,@IamRR53
1,@khJxhc1dwWnl2lW
1,@PjKing_off
1,@Just
1,@aashutoshvyas92
1,@aryankhan_
1,@anupamahere
1,@prafullkumar57
2,@aravind408
1,@FanCode
1,@AmbaniKishan5
1,@russcsk
1,@aanchu_thakur
1,@BABBAR___KHAN
1,@darensammy88
1,@MuhammdHamza99
1,@studio9_suresh
1,@SubikshaOffl
1,@jaishankarshun
1,@JothimuruganP
1,@vijayka73425132
1,@gannyclef
1,@LahariMusic
1,@PROSakthiSaran
1,@ImAsim777
1,@TariqSaeed13
1,@mir_sana05
1,@Haseebk24380408
1,@LHRQalandarsPSL
1,@sameenrana
1,@atifnaeemrana
1,@QalandarsHPC
1,@iam_MuhammadAli
1,@156kph
1,@AkberAJaffri
1,@sf_dawar
1,@iamAhmedKazim31
1,@albiemorkel
1,@kanishkaab
1,@swapcasm7
1,@zainab_babarian
1,@simadwasim
2,@TheCricketer21
1,@MirMRazaTalpur2
1,@RizwanAliJani2
1,@farhanwrites
1,@PTVSp0rts
1,@PakPassion
1,@ManiKumar_15
1,@2pm
1,@07914Karthik
1,@Hotstarusa
1,@Ipl2021
1,@MiPaltan
1,@iplfans
1,@Iamnot06
1,@AnshulS25010472
1,@anarchistpandey
1,@iampkmaurya
1,@RAOANKI85509608
1,@Jansatta
1,@FinjaanTea
1,@Shrivathsan1437
1,@TheClassySarkar
1,@NikonIndia
1,@NatGeoTV
1,@NatGeoPhotos
1,@NatGeo
1,@vikatan
1,@jmgpix
1,@KirstenAlana
1,@Photo
1,@photoshelter
1,@PhotoJFish
1,@AnthonyQuintano
1,@photo_Brazziell
1,@Photospice
1,@Viren323
1,@RohitForever11
2,@CricSuperFan
1,@Akeel_offl
1,@saikumar10_45
1,@cricketwgtninc
1,@aliktareen
1,@grassrootscric
1,@jacqueskallis75
1,@CricitWithSteve
1,@irajdeephere
1,@immaddy10
2,@imraghul24
2,@IamChellaMuthu
2,@arulraj1102
1,@hm_1710
1,@Sudcsk24
1,@bbcnewsmarathi
1,@Stevesmith49
1,@uthrakc_msd
1,@nirmal9997
1,@Aruncharlie14
1,@its_anudeep_
1,@Bhoom2204
1,@mvamshi3103
1,@yogeshvaidya131
1,@_shreyaspawar
1,@Abhijit_19
1,@Wwesupe81762910
1,@Kettavan__Memes
1,@ClacksonOlivia
1,@Yash_Dasgupta
1,@SabarishDs
2,@rcbtweets
1,@nottheamit
1,@LaxmanSivarama1
1,@MyAnandaBazar
1,@thatboyJozi
1,@Idealtutor2020
1,@PUMA
1,@newbalance
1,@VtvGujarati
2,@BJP4Gujarat
1,@CMOGuj
3,@vijayrupanibjp
1,@INCGujarat
1,@GujaratPolice
1,@Bittu_Tufani
1,@SharanyaAri
1,@chirag059
1,@aravindchaudhri
1,@Vrajsinh_Rajput
1,@isudan_gadhvi
1,@CRPaatil
1,@AAPGujarat
1,@Chennai
1,@GBK_Official
1,@ActorVijayUniv
1,@the_mastermovie
1,@DjHutchy246
1,@thebetterindia
2,@the_hindu
1,@BeerBicepsGuy
1,@abhiandniyu
1,@IYCBihar
1,@BJP4Bihar
1,@PIB_Patna
1,@Piyush_Chawla
2,@ImRahulSharma3
1,@ish_sodhi
1,@muthupradeep
1,@mukundabhinav
1,@VijayFansTrends
1,@BardOfBread
1,@indraneel0
1,@evin_lewis17
1,@kischrute
1,@The2HundredMan
1,@PunjabLions
1,@OfficialJioTV
1,@asuran_vicky
1,@TT_RagulRaina
1,@DharshaGupta
1,@Bhaskar_Mani007
1,@im_laksh_18
1,@JimCarrey
1,@NickTurturro1
1,@Atharvsamant
1,@INDIANCRIKET_18
1,@memes_raina
1,@DanishKaneria61
1,@knight_riderr7
1,@realipl2021
1,@imArrpit
1,@Sharmajikafan
1,@KanimozhiDMK
1,@siraj
1,@nkpmuruga
1,@Timon_Pumbaa__
1,@balaedi
1,@vikinethra
1,@ambmarxperi
1,@ps_it_is
1,@Sportingabhi
1,@nellbergcricket
1,@Udhaya83963758
1,@BarathThalapat4
1,@GraemeSmith49
1,@BiscottiNicole
1,@EdumatchBooks
1,@__KL______
2,@RCBOfficiaI
1,@xzx_slipknot
1,@ImSoul_01
1,@Kavinblood_
1,@Mira2138
1,@its__karthi7
1,@Justin_nolann
1,@Swetha_2708
1,@CMAnanth2
1,@Thamizh__45
1,@Murugan_Pon1
1,@Nettv4uTamil
1,@HoneyjJain
2,@sk_thamizhan16
2,@kingkavin_22
1,@AkashCh86678413
1,@AnbuChutti
1,@Nandakumar2000
1,@theblank55
1,@PintVulcan
1,@niyamagaana
1,@avi_barot
1,@MumbaiCityFC
1,@wutube
1,@CricCrazyDebu
1,@SRKsABHI
1,@TheRajKundra
1,@TheNeetaAmbani
1,@ImSaransh_S9
1,@Kaniska_Mitra
1,@iamkaur111
1,@aarushi_45
1,@IamSA24
1,@shubh_chintak
1,@FlickyMedia
1,@PLforIndia
1,@saik_99
1,@punjubkings
1,@Usman_1206_1
1,@_MukeshAmbani
2,@Abhi09479002
1,@i_usama97
1,@JimmyPamment
1,@WordPress
1,@wpbeginner
1,@KrushangDave
1,@Bharatdevasi14
1,@KiranRogue_
1,@RanjiKerala
1,@TheYorkerBall
1,@RCBFansClubINT1
1,@AdityaSinghduke
1,@YojashvaP
1,@Lachy_Steele
1,@digimidasmcom
1,@Kartikgodara123
1,@TrollCsk
1,@cricvizanalyst
1,@InswingingY
1,@mohitbedmutha
1,@CricComali
1,@bhavsarJ2_0
1,@sportsmirror9
1,@CricHQ
1,@mhussey393
